F1_Genotype,F0_Genotype,Type,SNP_Genotype,Parent,Year,ENCL,F1_LD_ID,F1_EGG_ID,LD_ID,notes,to_check,related_to,Mother_pop,hatch date
E001_15_BABY_01,E001_15_MOM_02,Dam_genotype,E001_15_MOM_02_911118295014_1B,Dam,2015,e001,NA,egg0032,ld0003,Died as egg,NA,,,
E001_15_BABY_01,NA,Sire_genotype,NA,Sire,2015,e001,NA,egg0032,NA,Died as egg,NA,,,
E001_16_BABY_01,E001_16_MOM_02,Dam_genotype,E001_16_MOM_02_911118295016_1B,Dam,2016,e001,ld0227,egg0017,ld0062,,NA,,,
E001_16_BABY_01,E001_16_DAD_01,Sire_genotype,E001_16_DAD_01_911118295016_1C,Sire,2016,e001,ld0227,egg0017,ld0137,,NA,,,
E001_16_BABY_02,E001_16_MOM_01,Dam_genotype,E001_16_MOM_01_911118295016_1A,Dam,2016,e001,ld0258,egg0018,ld0019,,NA,,,
E001_16_BABY_02,E001_16_DAD_01,Sire_genotype,E001_16_DAD_01_911118295016_1C,Sire,2016,e001,ld0258,egg0018,ld0137,,NA,,,
E001_16_BABY_03,E001_16_MOM_02,Dam_genotype,E001_16_MOM_02_911118295016_1B,Dam,2016,e001,ld0226,egg0019,ld0062,,NA,,,
E001_16_BABY_03,E001_16_DAD_01,Sire_genotype,E001_16_DAD_01_911118295016_1C,Sire,2016,e001,ld0226,egg0019,ld0137,,NA,,,
E001_16_BABY_04,E001_16_MOM_02,Dam_genotype,E001_16_MOM_02_911118295016_1B,Dam,2016,e001,ld0250,egg0020,ld0062,,NA,,,
E001_16_BABY_04,E001_16_DAD_01,Sire_genotype,E001_16_DAD_01_911118295016_1C,Sire,2016,e001,ld0250,egg0020,ld0137,,NA,,,
E001_17_BABY_01,E001_17_DAD_01,Sire_genotype,E001_17_DAD_01_911118295018_10G,Sire,2017,e001,ld0464,egg0261,ld0011,,NA,,,
E001_17_BABY_01,E001_17_MOM_01,Dam_genotype,E001_17_MOM_01_911118295018_10E,Dam,2017,e001,ld0464,egg0261,ld0062,,NA,,,
E001_17_BABY_02,E001_17_DAD_01,Sire_genotype,E001_17_DAD_01_911118295018_10G,Sire,2017,e001,ld0466,egg0258,ld0011,,NA,,,
E001_17_BABY_02,E001_17_MOM_01,Dam_genotype,E001_17_MOM_01_911118295018_10E,Dam,2017,e001,ld0466,egg0258,ld0062,,NA,,,
E001_17_BABY_03,E001_17_DAD_01,Sire_genotype,E001_17_DAD_01_911118295018_10G,Sire,2017,e001,ld0494,egg0260,ld0011,,NA,,,
E001_17_BABY_03,E001_17_MOM_01,Dam_genotype,E001_17_MOM_01_911118295018_10E,Dam,2017,e001,ld0494,egg0260,ld0062,,NA,,,
E001_17_BABY_04,E001_17_DAD_01,Sire_genotype,E001_17_DAD_01_911118295018_10G,Sire,2017,e001,ld0500,egg0338,ld0011,,NA,,,
E001_17_BABY_04,E001_17_MOM_01,Dam_genotype,E001_17_MOM_01_911118295018_10E,Dam,2017,e001,ld0500,egg0338,ld0062,,NA,,,
E001_17_BABY_05,E001_17_DAD_01,Sire_genotype,E001_17_DAD_01_911118295018_10G,Sire,2017,e001,ld0506,egg0337,ld0011,,NA,,,
E001_17_BABY_05,E001_17_MOM_01,Dam_genotype,E001_17_MOM_01_911118295018_10E,Dam,2017,e001,ld0506,egg0337,ld0062,,NA,,,
E001_17_BABY_06,E026_17_MOM_03,Dam_genotype,E026_17_MOM_03_911118295019_3A,Dam,2017,e001,ld0530,egg0340,ld0093,"WEIRD Unrelated to all enclosure members, from e026m egg processed on the 11/10/17, eggs from e026 processed day before. Same egg ID as baby07. Mislabel at plating stage?",1,,,
E001_17_BABY_06,E026_17_DAD_01,Sire_genotype,E026_17_DAD_01_911118295019_3B,Sire,2017,e001,ld0530,egg0340,ld0140,"WEIRD Unrelated to all enclosure members, from e026m egg processed on the 11/10/17, eggs from e026 processed day before. Same egg ID as baby07. Mislabel at plating stage?",1,,,
E001_17_BABY_07,E001_17_DAD_01,Sire_genotype,E001_17_DAD_01_911118295018_10G,Sire,2017,e001,ld0532,egg0340,ld0011,,NA,,,
E001_17_BABY_07,E001_17_MOM_01,Dam_genotype,E001_17_MOM_01_911118295018_10E,Dam,2017,e001,ld0532,egg0340,ld0062,,NA,,,
E001_17_BABY_08,E001_17_DAD_01,Sire_genotype,E001_17_DAD_01_911118295018_10G,Sire,2017,e001,ld0533,egg0339,ld0011,,NA,,,
E001_17_BABY_08,E001_17_MOM_01,Dam_genotype,E001_17_MOM_01_911118295018_10E,Dam,2017,e001,ld0533,egg0339,ld0062,,NA,,,
E002_15_BABY_01,E002_15_MOM_02,Dam_genotype,E002_15_MOM_02_911118295014_1G,Dam,2015,e002,NA,egg0014,ld0005,"Unrelated to  enclosure Dad, died as egg",1,"E043_16_MOM_02_911118295016_12D
E043_17_MOM_02_911118295019_8F",,
E002_15_BABY_01,NA,Sire_genotype,NA,Sire,2015,e002,NA,egg0014,NA,"Unrelated to  enclosure Dad, died as egg",1,"E043_16_MOM_02_911118295016_12D
E043_17_MOM_02_911118295019_8F",,
E002_15_BABY_02,E002_15_MOM_02,Dam_genotype,E002_15_MOM_02_911118295014_1G,Dam,2015,e002,NA,egg0015,ld0005,Died as egg,1,"E043_16_MOM_02_911118295016_12D
E043_17_MOM_02_911118295019_8F",,
E002_15_BABY_02,NA,Sire_genotype,NA,Sire,2015,e002,NA,egg0015,NA,Died as egg,1,"E043_16_MOM_02_911118295016_12D
E043_17_MOM_02_911118295019_8F",,
E002_15_BABY_03,E045_15_MOM_01,Dam_genotype,E045_15_MOM_01_911118295014_7E,Dam,2015,e002,NA,egg0016A,ld0131,"Unrelated to all enclosure members, died as egg",1,,,
E002_15_BABY_03,,Sire_genotype,,Sire,2015,e002,NA,egg0016A,,"Unrelated to all enclosure members, died as egg",1,,,
E002_15_BABY_04,E002_15_MOM_02,Dam_genotype,E002_15_MOM_02_911118295014_1G,Dam,2015,e002,NA,egg0016B,ld0005,"Unrelated to  enclosure Dad, died as egg",1,"E043_16_MOM_02_911118295016_12D
E043_17_MOM_02_911118295019_8F",,
E002_15_BABY_04,NA,Sire_genotype,NA,Sire,2015,e002,NA,egg0016B,NA,"Unrelated to  enclosure Dad, died as egg",1,"E043_16_MOM_02_911118295016_12D
E043_17_MOM_02_911118295019_8F",,
E003_16_BABY_01,E004_15_MOM_03,Dam_genotype,E004_15_MOM_03_911118295014_11B,Dam,2016,e003,ld0382,egg0207,ld0016,"No parent tissue, but found match, checked with enclosure records - all OK",1,,,
E003_16_BABY_01,E021_15_DAD_01,Sire_genotype,E021_15_DAD_01_911118295015_4G,Sire,2016,e003,ld0382,egg0207,ld0051,"No parent tissue, but found match, checked with enclosure records - all OK",1,,,
E003_16_BABY_02,E004_15_MOM_03,Dam_genotype,E004_15_MOM_03_911118295014_11B,Dam,2016,e003,ld0383,egg0208,ld0016,"No parent tissue, but found match, checked with enclosure records - all OK",1,,,
E003_16_BABY_02,E021_15_DAD_01,Sire_genotype,E021_15_DAD_01_911118295015_4G,Sire,2016,e003,ld0383,egg0208,ld0051,"No parent tissue, but found match, checked with enclosure records - all OK",1,,,
E005_15_BABY_01,E005_15_MOM_03,Dam_genotype,E005_15_MOM_03_911118295014_2G,Dam,2015,e005,ld0162,egg0007,ld0125,Unrelated to all enclosure members,NA,E45_16_MOM_01_911118295017_1E,,
E005_15_BABY_01,NA,Sire_genotype,NA,Sire,2015,e005,ld0162,egg0007,NA,Unrelated to all enclosure members,NA,E45_16_MOM_01_911118295017_1E,,
E006_17_BABY_01,E006_17_DAD_01,Sire_genotype,E006_17_DAD_01_911118295018_12B,Sire,2017,e006,ld0468,egg0278,ld0006,,NA,,,
E006_17_BABY_01,E006_17_MOM_02,Dam_genotype,E006_17_MOM_02_911118295018_12A,Dam,2017,e006,ld0468,egg0278,ld0068,,NA,,,
E006_17_BABY_02,E006_17_DAD_01,Sire_genotype,E006_17_DAD_01_911118295018_12B,Sire,2017,e006,ld0469,egg0277,ld0006,,NA,,,
E006_17_BABY_02,E006_17_MOM_02,Dam_genotype,E006_17_MOM_02_911118295018_12A,Dam,2017,e006,ld0469,egg0277,ld0068,,NA,,,
E006_17_BABY_03,E006_17_DAD_01,Sire_genotype,E006_17_DAD_01_911118295018_12B,Sire,2017,e006,ld0491,egg0279,ld0006,,NA,,,
E006_17_BABY_03,E006_17_MOM_02,Dam_genotype,E006_17_MOM_02_911118295018_12A,Dam,2017,e006,ld0491,egg0279,ld0068,,NA,,,
E006_17_BABY_04,E006_17_DAD_01,Sire_genotype,E006_17_DAD_01_911118295018_12B,Sire,2017,e006,ld0509,egg0349,ld0006,,NA,,,
E006_17_BABY_04,E006_17_MOM_02,Dam_genotype,E006_17_MOM_02_911118295018_12A,Dam,2017,e006,ld0509,egg0349,ld0068,,NA,,,
E006_17_BABY_05,E006_17_DAD_01,Sire_genotype,E006_17_DAD_01_911118295018_12B,Sire,2017,e006,ld0510,egg0347,ld0006,,NA,,,
E006_17_BABY_05,E006_17_MOM_02,Dam_genotype,E006_17_MOM_02_911118295018_12A,Dam,2017,e006,ld0510,egg0347,ld0068,,NA,,,
E006_17_BABY_06,E006_17_DAD_01,Sire_genotype,E006_17_DAD_01_911118295018_12B,Sire,2017,e006,ld0531,egg0350,ld0006,,NA,,,
E006_17_BABY_06,E006_17_MOM_02,Dam_genotype,E006_17_MOM_02_911118295018_12A,Dam,2017,e006,ld0531,egg0350,ld0068,,NA,,,
E009_15_BABY_01,E009_15_MOM_02,Dam_genotype,E009_15_MOM_02_911118295014_3C,Dam,2015,e009,ld0163,egg0008,ld0033,Baby_01 and Baby_02 are more related than to Baby_03,1,"E009_15_MOM_02_911118295014_3C
E024_16_MOM_02_911118295016_5C",,
E009_15_BABY_01,NA,Sire_genotype,NA,Sire,2015,e009,ld0163,egg0008,NA,Baby_01 and Baby_02 are more related than to Baby_03,1,"E009_15_MOM_02_911118295014_3C
E024_16_MOM_02_911118295016_5C",,
E009_15_BABY_02,E009_15_MOM_02,Dam_genotype,E009_15_MOM_02_911118295014_3C,Dam,2015,e009,ld0157,egg0009,ld0033,Baby_01 and Baby_02 are more related than to Baby_03,1,"E009_15_MOM_02_911118295014_3C
E024_16_MOM_02_911118295016_5C",,
E009_15_BABY_02,NA,Sire_genotype,NA,Sire,2015,e009,ld0157,egg0009,NA,Baby_01 and Baby_02 are more related than to Baby_03,1,"E009_15_MOM_02_911118295014_3C
E024_16_MOM_02_911118295016_5C",,
E009_15_BABY_03,E009_15_MOM_02,Dam_genotype,E009_15_MOM_02_911118295014_3C,Dam,2015,e009,ld0158,egg0010,ld0033,Baby_01 and Baby_02 are more related than to Baby_03,1,"E009_15_MOM_02_911118295014_3C
E024_16_MOM_02_911118295016_5C",,
E009_15_BABY_03,NA,Sire_genotype,NA,Sire,2015,e009,ld0158,egg0010,NA,Baby_01 and Baby_02 are more related than to Baby_03,1,"E009_15_MOM_02_911118295014_3C
E024_16_MOM_02_911118295016_5C",,
E013_16_BABY_01,E013_16_MOM_03,Dam_genotype,E013_16_MOM_03_911118295016_2B,Dam,2016,e013,ld0225,egg0021,ld0121,,NA,,,
E013_16_BABY_01,E013_16_DAD_02,Sire_genotype,E013_16_DAD_02_911118295016_2D,Sire,2016,e013,ld0225,egg0021,ld0146,,NA,,,
E013_16_BABY_02,E013_16_MOM_03,Dam_genotype,E013_16_MOM_03_911118295016_2B,Dam,2016,e013,ld0224,egg0023,ld0121,,NA,,,
E013_16_BABY_02,E013_16_DAD_02,Sire_genotype,E013_16_DAD_02_911118295016_2D,Sire,2016,e013,ld0224,egg0023,ld0146,,NA,,,
E014_15_BABY_01,E014_15_MOM_02,Dam_genotype,E014_15_MOM_02_911118295014_4A,Dam,2015,e014,ld0155,egg0001,ld0035,"Related to fair few other Mums too
Dad from another year?",NA,"E033_16_MOM_01_911118295016_9E
E043_17_DAD_01_911118295019_8G - Moderate
E048_15_DAD_01_911118295014_10A - Moderate",,
E014_15_BABY_01,E013_16_DAD_02,Sire_genotype,E013_16_DAD_02_911118295016_2D,Sire,2015,e014,ld0155,egg0001,ld0146,"Related to fair few other Mums too
Dad from another year?",NA,"E033_16_MOM_01_911118295016_9E
E043_17_DAD_01_911118295019_8G - Moderate
E048_15_DAD_01_911118295014_10A - Moderate",,
E014_15_BABY_02,E014_15_MOM_02,Dam_genotype,E014_15_MOM_02_911118295014_4A,Dam,2015,e014,ld0153,egg0002,ld0035,"Related to fair few other Mums too
Dad from another year?",NA,"E033_16_MOM_01_911118295016_9E
E043_17_DAD_01_911118295019_8G - Moderate
E048_15_DAD_01_911118295014_10A - Moderate",,
E014_15_BABY_02,E013_16_DAD_02,Sire_genotype,E013_16_DAD_02_911118295016_2D,Sire,2015,e014,ld0153,egg0002,ld0146,"Related to fair few other Mums too
Dad from another year?",NA,"E033_16_MOM_01_911118295016_9E
E043_17_DAD_01_911118295019_8G - Moderate
E048_15_DAD_01_911118295014_10A - Moderate",,
E014_15_BABY_03,E014_15_MOM_02,Dam_genotype,E014_15_MOM_02_911118295014_4A,Dam,2015,e014,ld0154,egg0003,ld0035,"Related to fair few other Mums too
Dad from another year?",NA,"E033_16_MOM_01_911118295016_9E
E043_17_DAD_01_911118295019_8G - Moderate
E048_15_DAD_01_911118295014_10A - Moderate",,
E014_15_BABY_03,E013_16_DAD_02,Sire_genotype,E013_16_DAD_02_911118295016_2D,Sire,2015,e014,ld0154,egg0003,ld0146,"Related to fair few other Mums too
Dad from another year?",NA,"E033_16_MOM_01_911118295016_9E
E043_17_DAD_01_911118295019_8G - Moderate
E048_15_DAD_01_911118295014_10A - Moderate",,
E014_15_BABY_04,E014_15_MOM_02,Dam_genotype,E014_15_MOM_02_911118295014_4A,Dam,2015,e014,ld0156,egg0004,ld0035,"Related to fair few other Mums too
Dad from another year and highly related to another Dad",NA,"E033_16_MOM_01_911118295016_9E
E043_17_DAD_01_911118295019_8G - High
E048_15_DAD_01_911118295014_10A - Moderate",,
E014_15_BABY_04,E013_16_DAD_02,Sire_genotype,E013_16_DAD_02_911118295016_2D,Sire,2015,e014,ld0156,egg0004,ld0146,"Related to fair few other Mums too
Dad from another year and highly related to another Dad",NA,"E033_16_MOM_01_911118295016_9E
E043_17_DAD_01_911118295019_8G - High
E048_15_DAD_01_911118295014_10A - Moderate",,
E014_17_BABY_01,E014_17_MOM_02,Dam_genotype,E014_17_MOM_02_911118295019_1D,Dam,2017,e014,ld0484,egg0287,ld0081,,NA,,,
E014_17_BABY_01,E014_17_DAD_01,Sire_genotype,E014_17_DAD_01_911118295019_1E,Sire,2017,e014,ld0484,egg0287,ld0111,,NA,,,
E014_17_BABY_02,E014_17_MOM_02,Dam_genotype,E014_17_MOM_02_911118295019_1D,Dam,2017,e014,ld0485,egg0288,ld0081,,NA,,,
E014_17_BABY_02,E014_17_DAD_01,Sire_genotype,E014_17_DAD_01_911118295019_1E,Sire,2017,e014,ld0485,egg0288,ld0111,,NA,,,
E014_17_BABY_03,E014_17_MOM_02,Dam_genotype,E014_17_MOM_02_911118295019_1D,Dam,2017,e014,ld0513,egg0290,ld0081,,NA,,,
E014_17_BABY_03,E014_17_DAD_01,Sire_genotype,E014_17_DAD_01_911118295019_1E,Sire,2017,e014,ld0513,egg0290,ld0111,,NA,,,
E014_17_BABY_04,E014_17_MOM_02,Dam_genotype,E014_17_MOM_02_911118295019_1D,Dam,2017,e014,ld0514,egg0289,ld0081,,NA,,,
E014_17_BABY_04,E014_17_DAD_01,Sire_genotype,E014_17_DAD_01_911118295019_1E,Sire,2017,e014,ld0514,egg0289,ld0111,,NA,,,
E017_16_BABY_01,E017_16_MOM_02,Dam_genotype,E017_16_MOM_02_911118295016_2H,Dam,2016,e017,ld0320,egg0085,ld0103,,NA,,,
E017_16_BABY_01,E017_16_DAD_01,Sire_genotype,E017_16_DAD_01_911118295016_3A,Sire,2016,e017,ld0320,egg0085,ld0150,,NA,,,
E017_16_BABY_02,E017_16_MOM_02,Dam_genotype,E017_16_MOM_02_911118295016_2H,Dam,2016,e017,ld0268,egg0086,ld0103,,NA,,,
E017_16_BABY_02,E017_16_DAD_01,Sire_genotype,E017_16_DAD_01_911118295016_3A,Sire,2016,e017,ld0268,egg0086,ld0150,,NA,,,
E017_16_BABY_03,E017_16_MOM_02,Dam_genotype,E017_16_MOM_02_911118295016_2H,Dam,2016,e017,ld0373,egg0181,ld0103,,NA,,,
E017_16_BABY_03,E017_16_DAD_01,Sire_genotype,E017_16_DAD_01_911118295016_3A,Sire,2016,e017,ld0373,egg0181,ld0150,,NA,,,
E017_16_BABY_04,E017_16_MOM_02,Dam_genotype,E017_16_MOM_02_911118295016_2H,Dam,2016,e017,ld0352,egg0182,ld0103,,NA,,,
E017_16_BABY_04,E017_16_DAD_01,Sire_genotype,E017_16_DAD_01_911118295016_3A,Sire,2016,e017,ld0352,egg0182,ld0150,,NA,,,
E017_16_BABY_05,E017_16_MOM_02,Dam_genotype,E017_16_MOM_02_911118295016_2H,Dam,2016,e017,ld0372,egg0183,ld0103,,NA,,,
E017_16_BABY_05,E017_16_DAD_01,Sire_genotype,E017_16_DAD_01_911118295016_3A,Sire,2016,e017,ld0372,egg0183,ld0150,,NA,,,
E021_16_BABY_01,E026_17_DAD_01,Sire_genotype,E026_17_DAD_01_911118295019_3B,Sire,2016,e021,ld0310,egg0046,ld0140,"Unrelated to enclosure Dad. Tissue should be from real Dad, but matched another tissue sample but correct male. Labelling error: SNP data says this male is actually E048_15_MOM",1,E045_15_DAD_01_911118295014_7G,,
E021_16_BABY_01,E021_16_MOM_02,Dam_genotype,E021_16_MOM_02_911118295016_3H,Dam,2016,e021,ld0310,egg0046,ld0152,,,,,
E021_16_BABY_02,E026_17_DAD_01,Sire_genotype,E026_17_DAD_01_911118295019_3B,Sire,2016,e021,ld0261,egg0059,ld0140,"Unrelated to enclosure Dad. Tissue should be from real Dad, but matched another tissue sample but correct male. Labelling error: SNP data says this male is actually E048_15_MOM",1,E045_15_DAD_01_911118295014_7G,,
E021_16_BABY_02,E021_16_MOM_02,Dam_genotype,E021_16_MOM_02_911118295016_3H,Dam,2016,e021,ld0261,egg0059,ld0152,,,,,
E021_16_BABY_03,E026_17_DAD_01,Sire_genotype,E026_17_DAD_01_911118295019_3B,Sire,2016,e021,ld0327,egg0155,ld0140,"Unrelated to enclosure Dad. Tissue should be from real Dad, but matched another tissue sample but correct male. Labelling error: SNP data says this male is actually E048_15_MOM",1,E045_15_DAD_01_911118295014_7G,,
E021_16_BABY_03,E021_16_MOM_02,Dam_genotype,E021_16_MOM_02_911118295016_3H,Dam,2016,e021,ld0327,egg0155,ld0152,,,,,
E021_16_BABY_04,E026_17_DAD_01,Sire_genotype,E026_17_DAD_01_911118295019_3B,Sire,2016,e021,ld0328,egg0156,ld0140,"Unrelated to enclosure Dad. Tissue should be from real Dad, but matched another tissue sample but correct male. Labelling error: SNP data says this male is actually E048_15_MOM",1,E045_15_DAD_01_911118295014_7G,,
E021_16_BABY_04,E021_16_MOM_02,Dam_genotype,E021_16_MOM_02_911118295016_3H,Dam,2016,e021,ld0328,egg0156,ld0152,,,,,
E021_16_BABY_05,E026_17_DAD_01,Sire_genotype,E026_17_DAD_01_911118295019_3B,Sire,2016,e021,ld0358,egg0157,ld0140,"Unrelated to enclosure Dad. Tissue should be from real Dad, but matched another tissue sample but correct male. Labelling error: SNP data says this male is actually E048_15_MOM",1,E045_15_DAD_01_911118295014_7G,,
E021_16_BABY_05,E021_16_MOM_02,Dam_genotype,E021_16_MOM_02_911118295016_3H,Dam,2016,e021,ld0358,egg0157,ld0152,,,,,
E021_16_BABY_06,E026_17_DAD_01,Sire_genotype,E026_17_DAD_01_911118295019_3B,Sire,2016,e021,ld0361,egg0158,ld0140,"Unrelated to enclosure Dad. Tissue should be from real Dad, but matched another tissue sample but correct male. Labelling error: SNP data says this male is actually E048_15_MOM",1,E045_15_DAD_01_911118295014_7G,,
E021_16_BABY_06,E021_16_MOM_02,Dam_genotype,E021_16_MOM_02_911118295016_3H,Dam,2016,e021,ld0361,egg0158,ld0152,,,,,
E021_16_BABY_07,E017_15_DAD_01,Sire_genotype,E017_15_DAD_01_911118295015_3B,Sire,2016,e021,ld0370,egg0179,ld0042,"Unrelated to enclosure parents, but matched with another tissue sample. Sibling to Baby 7 9, DN :possible enclosure 22 babies, but looks like mistake and should be in enclosure 21. Labelling error: checked with enclosure records, parents are from e022
",1,E007_15_MOM_01_911118295014_11F - Moderate,,
E021_16_BABY_07,E045_15_MOM_02,Dam_genotype,E045_15_MOM_02_911118295014_7F,Dam,2016,e021,ld0370,egg0179,ld0132,"Unrelated to enclosure parents, but matched with another tissue sample. Sibling to Baby 7 9, DN :possible enclosure 22 babies, but looks like mistake and should be in enclosure 21. Labelling error: checked with enclosure records, parents are from e022
",1,E007_15_MOM_01_911118295014_11F - Moderate,,
E021_16_BABY_08,E017_15_DAD_01,Sire_genotype,E017_15_DAD_01_911118295015_3B,Sire,2016,e021,ld0350,egg0180,ld0042,"Unrelated to enclosure parents, but matched with another tissue sample. Sibling to Baby 7 9, DN :possible enclosure 22 babies, but looks like mistake and should be in enclosure 21. Labelling error: checked with enclosure records, parents are from e022
",1,E007_15_MOM_01_911118295014_11F - Moderate,,
E021_16_BABY_08,E045_15_MOM_02,Dam_genotype,E045_15_MOM_02_911118295014_7F,Dam,2016,e021,ld0350,egg0180,ld0132,"Unrelated to enclosure parents, but matched with another tissue sample. Sibling to Baby 7 9, DN :possible enclosure 22 babies, but looks like mistake and should be in enclosure 21. Labelling error: checked with enclosure records, parents are from e022
",1,E007_15_MOM_01_911118295014_11F - Moderate,,
E024_16_BABY_01,E024_16_MOM_02,Dam_genotype,E024_16_MOM_02_911118295016_5C,Dam,2016,e024,ld0292,egg0036,ld0033,,NA,,,
E024_16_BABY_01,E024_16_DAD_01,Sire_genotype,E024_16_DAD_01_911118295016_5D,Sire,2016,e024,ld0292,egg0036,ld0069,"Checked related records, same male different year",1,E024_15_DAD_01_911118295015_5H,,
E024_16_BABY_02,E024_16_MOM_02,Dam_genotype,E024_16_MOM_02_911118295016_5C,Dam,2016,e024,ld0245,egg0037,ld0033,,NA,,,
E024_16_BABY_02,E024_16_DAD_01,Sire_genotype,E024_16_DAD_01_911118295016_5D,Sire,2016,e024,ld0245,egg0037,ld0069,"Checked related records, same male different year",1,E024_15_DAD_01_911118295015_5H,,
E024_16_BABY_03,E024_16_MOM_02,Dam_genotype,E024_16_MOM_02_911118295016_5C,Dam,2016,e024,ld0295,egg0038,ld0033,,NA,,,
E024_16_BABY_03,E024_16_DAD_01,Sire_genotype,E024_16_DAD_01_911118295016_5D,Sire,2016,e024,ld0295,egg0038,ld0069,"Checked related records, same male different year",1,E024_15_DAD_01_911118295015_5H,,
E025_16_BABY_01,E025_16_DAD_01,Sire_genotype,E025_16_DAD_01_911118295016_6B,Sire,2016,e025,ld0263,egg0083,ld0076,,NA,,,
E025_16_BABY_01,E025_16_MOM_01,Dam_genotype,E025_16_MOM_01_911118295016_5H,Dam,2016,e025,ld0263,egg0083,ld0085,,NA,,,
E025_16_BABY_02,E025_16_DAD_01,Sire_genotype,E025_16_DAD_01_911118295016_6B,Sire,2016,e025,ld0299,egg0080,ld0076,,NA,,,
E025_16_BABY_02,E025_16_MOM_01,Dam_genotype,E025_16_MOM_01_911118295016_5H,Dam,2016,e025,ld0299,egg0080,ld0085,,NA,,,
E025_16_BABY_03,E025_16_DAD_01,Sire_genotype,E025_16_DAD_01_911118295016_6B,Sire,2016,e025,ld0303,egg0081,ld0076,,NA,,,
E025_16_BABY_03,E025_16_MOM_01,Dam_genotype,E025_16_MOM_01_911118295016_5H,Dam,2016,e025,ld0303,egg0081,ld0085,,NA,,,
E025_16_BABY_04,E025_16_DAD_01,Sire_genotype,E025_16_DAD_01_911118295016_6B,Sire,2016,e025,ld0342,egg0176,ld0076,,NA,,,
E025_16_BABY_04,E025_16_MOM_01,Dam_genotype,E025_16_MOM_01_911118295016_5H,Dam,2016,e025,ld0342,egg0176,ld0085,,NA,,,
E025_16_BABY_05,E025_16_DAD_01,Sire_genotype,E025_16_DAD_01_911118295016_6B,Sire,2016,e025,ld0340,egg0177,ld0076,,NA,,,
E025_16_BABY_05,E025_16_MOM_01,Dam_genotype,E025_16_MOM_01_911118295016_5H,Dam,2016,e025,ld0340,egg0177,ld0085,,NA,,,
E025_16_BABY_06,E025_16_DAD_01,Sire_genotype,E025_16_DAD_01_911118295016_6B,Sire,2016,e025,ld0367,egg0178,ld0076,,NA,,,
E025_16_BABY_06,E025_16_MOM_01,Dam_genotype,E025_16_MOM_01_911118295016_5H,Dam,2016,e025,ld0367,egg0178,ld0085,,NA,,,
E025_17_BABY_01,E025_17_MOM_02,Dam_genotype,E025_17_MOM_02_911118295019_2C,Dam,2017,e025,ld0516,egg0357,ld0085,,NA,,,
E025_17_BABY_01,E025_17_DAD_01,Sire_genotype,E025_17_DAD_01_911118295019_2D,Sire,2017,e025,ld0516,egg0357,ld0137,,NA,,,
E025_17_BABY_02,E025_17_MOM_02,Dam_genotype,E025_17_MOM_02_911118295019_2C,Dam,2017,e025,ld0543,egg0359,ld0085,,NA,,,
E025_17_BABY_02,E025_17_DAD_01,Sire_genotype,E025_17_DAD_01_911118295019_2D,Sire,2017,e025,ld0543,egg0359,ld0137,,NA,,,
E026_17_BABY_01,E026_17_MOM_03,Dam_genotype,E026_17_MOM_03_911118295019_3A,Dam,2017,e026,ld0457,egg0249,ld0093,,NA,,,
E026_17_BABY_01,E026_17_DAD_01,Sire_genotype,E026_17_DAD_01_911118295019_3B,Sire,2017,e026,ld0457,egg0249,ld0140,,NA,,,
E026_17_BABY_02,E026_17_MOM_03,Dam_genotype,E026_17_MOM_03_911118295019_3A,Dam,2017,e026,ld0458,egg0252,ld0093,,NA,,,
E026_17_BABY_02,E026_17_DAD_01,Sire_genotype,E026_17_DAD_01_911118295019_3B,Sire,2017,e026,ld0458,egg0252,ld0140,,NA,,,
E026_17_BABY_03,E026_17_MOM_03,Dam_genotype,E026_17_MOM_03_911118295019_3A,Dam,2017,e026,ld0487,egg0248,ld0093,,NA,,,
E026_17_BABY_03,E026_17_DAD_01,Sire_genotype,E026_17_DAD_01_911118295019_3B,Sire,2017,e026,ld0487,egg0248,ld0140,,NA,,,
E026_17_BABY_04,E026_17_MOM_03,Dam_genotype,E026_17_MOM_03_911118295019_3A,Dam,2017,e026,ld0502,egg0331,ld0093,,NA,,,
E026_17_BABY_04,E026_17_DAD_01,Sire_genotype,E026_17_DAD_01_911118295019_3B,Sire,2017,e026,ld0502,egg0331,ld0140,,NA,,,
E026_17_BABY_05,E026_17_MOM_03,Dam_genotype,E026_17_MOM_03_911118295019_3A,Dam,2017,e026,ld0526,egg0329,ld0093,,NA,,,
E026_17_BABY_05,E026_17_DAD_01,Sire_genotype,E026_17_DAD_01_911118295019_3B,Sire,2017,e026,ld0526,egg0329,ld0140,,NA,,,
E027_16_BABY_01,E027_16_MOM_01,Dam_genotype,E027_16_MOM_01_911118295016_7A,Dam,2016,e027,ld0254,egg0025,ld0057,,NA,,,
E027_16_BABY_01,E027_16_DAD_01,Sire_genotype,E027_16_DAD_01_911118295016_7C,Sire,2016,e027,ld0254,egg0025,ld0104,,NA,,,
E027_16_BABY_02,E027_16_MOM_01,Dam_genotype,E027_16_MOM_01_911118295016_7A,Dam,2016,e027,ld0262,egg0026,ld0057,,NA,,,
E027_16_BABY_02,E027_16_DAD_01,Sire_genotype,E027_16_DAD_01_911118295016_7C,Sire,2016,e027,ld0262,egg0026,ld0104,,NA,,,
E027_16_BABY_03,E027_16_MOM_01,Dam_genotype,E027_16_MOM_01_911118295016_7A,Dam,2016,e027,ld0349,egg0144,ld0057,,NA,,,
E027_16_BABY_03,E027_16_DAD_01,Sire_genotype,E027_16_DAD_01_911118295016_7C,Sire,2016,e027,ld0349,egg0144,ld0104,,NA,,,
E027_16_BABY_04,E027_16_MOM_01,Dam_genotype,E027_16_MOM_01_911118295016_7A,Dam,2016,e027,ld0297,egg0145,ld0057,,NA,,,
E027_16_BABY_04,E027_16_DAD_01,Sire_genotype,E027_16_DAD_01_911118295016_7C,Sire,2016,e027,ld0297,egg0145,ld0104,,NA,,,
E027_16_BABY_05,E027_16_MOM_01,Dam_genotype,E027_16_MOM_01_911118295016_7A,Dam,2016,e027,ld0347,egg0146,ld0057,,NA,,,
E027_16_BABY_05,E027_16_DAD_01,Sire_genotype,E027_16_DAD_01_911118295016_7C,Sire,2016,e027,ld0347,egg0146,ld0104,,NA,,,
E027_16_BABY_06,E027_16_MOM_01,Dam_genotype,E027_16_MOM_01_911118295016_7A,Dam,2016,e027,ld0296,egg0147,ld0057,,NA,,,
E027_16_BABY_06,E027_16_DAD_01,Sire_genotype,E027_16_DAD_01_911118295016_7C,Sire,2016,e027,ld0296,egg0147,ld0104,,NA,,,
E028_16_BABY_01,E018_15_DAD_01,Sire_genotype,E018_15_DAD_01_911118295015_3E,Sire,2016,e028,ld0353,egg0184,ld0043,"No HDM data for Enclosure Dad. NA but found match with another tissue same from another year. Checked plate records, same male - all OK",1,,,
E028_16_BABY_01,E028_16_MOM_01,Dam_genotype,E028_16_MOM_01_911118295018_7C,Dam,2016,e028,ld0353,egg0184,ld0091,,,,,
E028_16_BABY_02,E018_15_DAD_01,Sire_genotype,E018_15_DAD_01_911118295015_3E,Sire,2016,e028,ld0371,egg0185,ld0043,"No HDM data for Enclosure Dad. NA but found match with another tissue same from another year. Checked plate records, same male - all OK",1,,,
E028_16_BABY_02,E028_16_MOM_01,Dam_genotype,E028_16_MOM_01_911118295018_7C,Dam,2016,e028,ld0371,egg0185,ld0091,,,,,
E028_16_BABY_03,E018_15_DAD_01,Sire_genotype,E018_15_DAD_01_911118295015_3E,Sire,2016,e028,ld0354,egg0186,ld0043,"No HDM data for Enclosure Dad. NA but found match with another tissue same from another year. Checked plate records, same male - all OK",1,,,
E028_16_BABY_03,E028_16_MOM_01,Dam_genotype,E028_16_MOM_01_911118295018_7C,Dam,2016,e028,ld0354,egg0186,ld0091,,,,,
E029_17_BABY_01,E001_17_DAD_01,Sire_genotype,E001_17_DAD_01_911118295018_10G,Sire,2017,e029,ld0461,egg0251,ld0011,Verifed with matching tissue - same male,1,E006_15_DAD_01_911118295014_11E - High,,
E029_17_BABY_01,E001_16_MOM_02,Dam_genotype,E001_16_MOM_02_911118295016_1B,Dam,2017,e029,ld0461,egg0251,ld0062,,NA,,,
E029_17_BABY_02,E023_15_MOM_02,Dam_genotype,E023_15_MOM_02_911118295015_5D,Dam,2017,e029,ld0546,egg0383,ld0072,,NA,,,
E029_17_BABY_02,E040_15_DAD_01,Sire_genotype,E040_15_DAD_01_911118295014_5G,Sire,2017,e029,ld0546,egg0383,ld0119,Verifed with matching tissue - same male,1,E006_15_DAD_01_911118295014_11E - High,,
E031_16_BABY_01,E031_16_DAD_01,Sire_genotype,E031_16_DAD_01_911118295016_8D,Sire,2016,e031,ld0249,egg0052,ld0006,,NA,,,
E031_16_BABY_01,E031_16_MOM_01,Dam_genotype,E031_16_MOM_01_911118295016_8B,Dam,2016,e031,ld0249,egg0052,ld0139,,NA,,,
E031_16_BABY_02,E031_16_DAD_01,Sire_genotype,E031_16_DAD_01_911118295016_8D,Sire,2016,e031,ld0248,egg0053,ld0006,,NA,,,
E031_16_BABY_02,E031_16_MOM_01,Dam_genotype,E031_16_MOM_01_911118295016_8B,Dam,2016,e031,ld0248,egg0053,ld0139,,NA,,,
E031_16_BABY_03,E031_16_DAD_01,Sire_genotype,E031_16_DAD_01_911118295016_8D,Sire,2016,e031,ld0300,egg0054,ld0006,,NA,,,
E031_16_BABY_03,E031_16_MOM_01,Dam_genotype,E031_16_MOM_01_911118295016_8B,Dam,2016,e031,ld0300,egg0054,ld0139,,NA,,,
E031_16_BABY_04,E031_16_DAD_01,Sire_genotype,E031_16_DAD_01_911118295016_8D,Sire,2016,e031,ld0301,egg0055,ld0006,,NA,,,
E031_16_BABY_04,E031_16_MOM_01,Dam_genotype,E031_16_MOM_01_911118295016_8B,Dam,2016,e031,ld0301,egg0055,ld0139,,NA,,,
E032_16_BABY_01,E034_17_DAD_01,Sire_genotype,E034_17_DAD_01_911118295019_4E,Sire,2016,e032,ld0362,egg0169,ld0077,Not grouped with enclosure parents but found tissue match. Verified with enclsoure records - all OK,1,,,
E032_16_BABY_01,E047_15_MOM_01,Dam_genotype,E047_15_MOM_01_911118295014_9A,Dam,2016,e032,ld0362,egg0169,ld0136,Not grouped with enclosure parents but found tissue match. Verified with enclsoure records - all OK,1,,,
E032_16_BABY_02,E034_17_DAD_01,Sire_genotype,E034_17_DAD_01_911118295019_4E,Sire,2016,e032,ld0363,egg0170,ld0077,Not grouped with enclosure parents but found tissue match. Verified with enclsoure records - all OK,1,,,
E032_16_BABY_02,E047_15_MOM_01,Dam_genotype,E047_15_MOM_01_911118295014_9A,Dam,2016,e032,ld0363,egg0170,ld0136,Not grouped with enclosure parents but found tissue match. Verified with enclsoure records - all OK,1,,,
E032_16_BABY_03,E034_17_DAD_01,Sire_genotype,E034_17_DAD_01_911118295019_4E,Sire,2016,e032,ld0333,egg0171,ld0077,Not grouped with enclosure parents but found tissue match. Verified with enclsoure records - all OK,1,,,
E032_16_BABY_03,E047_15_MOM_01,Dam_genotype,E047_15_MOM_01_911118295014_9A,Dam,2016,e032,ld0333,egg0171,ld0136,Not grouped with enclosure parents but found tissue match. Verified with enclsoure records - all OK,1,,,
E032_16_BABY_04,E034_17_DAD_01,Sire_genotype,E034_17_DAD_01_911118295019_4E,Sire,2016,e032,ld0335,egg0172,ld0077,Not grouped with enclosure parents but found tissue match. Verified with enclsoure records - all OK,1,,,
E032_16_BABY_04,E047_15_MOM_01,Dam_genotype,E047_15_MOM_01_911118295014_9A,Dam,2016,e032,ld0335,egg0172,ld0136,Not grouped with enclosure parents but found tissue match. Verified with enclsoure records - all OK,1,,,
E033_15_BABY_01,E033_15_MOM_02,Dam_genotype,E033_15_MOM_02_911118295014_4H,Dam,2015,e033,NA,egg0021,ld0100,"Unrelated to  enclosure Dad, died as egg",NA,,,
E033_15_BABY_01,NA,Sire_genotype,NA,Sire,2015,e033,NA,egg0021,NA,"Unrelated to  enclosure Dad, died as egg",NA,,,
E033_15_BABY_02,E033_15_MOM_02,Dam_genotype,E033_15_MOM_02_911118295014_4H,Dam,2015,e033,NA,egg0022,ld0100,"Unrelated to  enclosure Dad, died as egg",NA,,,
E033_15_BABY_02,NA,Sire_genotype,NA,Sire,2015,e033,NA,egg0022,NA,"Unrelated to  enclosure Dad, died as egg",NA,,,
E033_15_BABY_03,E033_15_MOM_02,Dam_genotype,E033_15_MOM_02_911118295014_4H,Dam,2015,e033,NA,egg0023,ld0100,"Unrelated to  enclosure Dad, died as egg",NA,,,
E033_15_BABY_03,NA,Sire_genotype,NA,Sire,2015,e033,NA,egg0023,NA,"Unrelated to  enclosure Dad, died as egg",NA,,,
E033_16_BABY_01,E033_16_DAD_01,Sire_genotype,E033_16_DAD_01_911118295016_9F,Sire,2016,e033,ld0239,egg0001,ld0049,Half sibs,NA,,,
E033_16_BABY_01,E033_16_MOM_02,Dam_genotype,E033_16_MOM_02_911118295016_9G,Dam,2016,e033,ld0239,egg0001,ld2015,Half sibs,NA,,,
E033_16_BABY_02,E033_16_DAD_01,Sire_genotype,E033_16_DAD_01_911118295016_9F,Sire,2016,e033,ld0221,egg0002,ld0049,Half sibs,NA,,,
E033_16_BABY_02,E033_16_MOM_02,Dam_genotype,E033_16_MOM_02_911118295016_9G,Dam,2016,e033,ld0221,egg0002,ld2015,Half sibs,NA,,,
E033_16_BABY_03,E033_16_DAD_01,Sire_genotype,E033_16_DAD_01_911118295016_9F,Sire,2016,e033,ld0235,egg0003,ld0049,Half sibs,NA,,,
E033_16_BABY_03,E033_16_MOM_02,Dam_genotype,E033_16_MOM_02_911118295016_9G,Dam,2016,e033,ld0235,egg0003,ld2015,Half sibs,NA,,,
E033_16_BABY_04,E033_16_MOM_01,Dam_genotype,E033_16_MOM_01_911118295016_9E,Dam,2016,e033,ld0238,egg0004,ld0035,Half sibs,NA,,,
E033_16_BABY_04,E033_16_DAD_01,Sire_genotype,E033_16_DAD_01_911118295016_9F,Sire,2016,e033,ld0238,egg0004,ld0049,Half sibs,NA,,,
E033_16_BABY_05,E033_16_MOM_01,Dam_genotype,E033_16_MOM_01_911118295016_9E,Dam,2016,e033,ld0218,egg0005,ld0035,Half sibs,NA,,,
E033_16_BABY_05,E033_16_DAD_01,Sire_genotype,E033_16_DAD_01_911118295016_9F,Sire,2016,e033,ld0218,egg0005,ld0049,Half sibs,NA,,,
E033_16_BABY_06,E033_16_MOM_01,Dam_genotype,E033_16_MOM_01_911118295016_9E,Dam,2016,e033,ld0237,egg0006,ld0035,Half sibs,NA,,,
E033_16_BABY_06,E033_16_DAD_01,Sire_genotype,E033_16_DAD_01_911118295016_9F,Sire,2016,e033,ld0237,egg0006,ld0049,Half sibs,NA,,,
E033_16_BABY_07,E033_16_MOM_01,Dam_genotype,E033_16_MOM_01_911118295016_9E,Dam,2016,e033,ld0219,egg0007,ld0035,Half sibs,NA,,,
E033_16_BABY_07,E033_16_DAD_01,Sire_genotype,E033_16_DAD_01_911118295016_9F,Sire,2016,e033,ld0219,egg0007,ld0049,Half sibs,NA,,,
E033_16_BABY_08,E033_16_MOM_01,Dam_genotype,E033_16_MOM_01_911118295016_9E,Dam,2016,e033,ld0216,egg0008,ld0035,Half sibs,NA,,,
E033_16_BABY_08,E033_16_DAD_01,Sire_genotype,E033_16_DAD_01_911118295016_9F,Sire,2016,e033,ld0216,egg0008,ld0049,Half sibs,NA,,,
E034_17_BABY_01,E034_17_DAD_01,Sire_genotype,E034_17_DAD_01_911118295019_4E,Sire,2017,e034,ld0553,egg0385,ld0077,,NA,,,
E034_17_BABY_01,E034_17_MOM_02,Dam_genotype,E034_17_MOM_02_911118295019_4D,Dam,2017,e034,ld0553,egg0385,ld0101,,NA,,,
E035_17_BABY_01,NA,Dam_genotype,NA,Dam,2017,e035,ld0452,egg0273,NA,"WEIRD Related to sibling baby 1-3 but not parents, eggs 273-275 laid on the same day 20/11/17, male = ld0104, ld0099 2.130, ld0390 1.454, ld0401 = 1.249, ld 390 = 1.271. Didn't run tissue of 2 other mums. So weight of ld0390 didn't change since 1/11/17 where last egg was laid and not related to ld0099 and minimal weight change, so Mum has to be ld0401. Or I weighed male last time as ld0390 and weighed male again this time as ld0390 (duplicated measure). Eggs belong to ld0401. Which has the lowest mass. ",1,,,
E035_17_BABY_01,NA,Sire_genotype,NA,Sire,2017,e035,ld0452,egg0273,w0031,"Unrelated to enclosure Dad or anyone else, wild father",1,,,
E035_17_BABY_02,NA,Dam_genotype,NA,Dam,2017,e035,ld0453,egg0274,NA,"WEIRD Related to sibling baby 1-3 but not parents, eggs 273-275 laid on the same day 20/11/17, male = ld0104, ld0099 2.130, ld0390 1.454, ld0401 = 1.249, ld 390 = 1.271. Didn't run tissue of 2 other mums. So weight of ld0390 didn't change since 1/11/17 where last egg was laid and not related to ld0099 and minimal weight change, so Mum has to be ld0401. Or I weighed male last time as ld0390 and weighed male again this time as ld0390 (duplicated measure). Eggs belong to ld0401. Which has the lowest mass. ",1,,,
E035_17_BABY_02,NA,Sire_genotype,NA,Sire,2017,e035,ld0453,egg0274,w0031,"Unrelated to enclosure Dad or anyone else, wild father",1,,,
E035_17_BABY_03,NA,Dam_genotype,NA,Dam,2017,e035,ld0463,egg0275,NA,"WEIRD Related to sibling baby 1-3 but not parents, eggs 273-275 laid on the same day 20/11/17, male = ld0104, ld0099 2.130, ld0390 1.454, ld0401 = 1.249, ld 390 = 1.271. Didn't run tissue of 2 other mums. So weight of ld0390 didn't change since 1/11/17 where last egg was laid and not related to ld0099 and minimal weight change, so Mum has to be ld0401. Or I weighed male last time as ld0390 and weighed male again this time as ld0390 (duplicated measure). Eggs belong to ld0401. Which has the lowest mass. ",1,,,
E035_17_BABY_03,NA,Sire_genotype,NA,Sire,2017,e035,ld0463,egg0275,w0031,"Unrelated to enclosure Dad or anyone else, wild father",1,,,
E035_17_BABY_04,NA,Dam_genotype,NA,Dam,2017,e035,ld0478,egg0231,ld0390,"WEIRD Unrelated to enclosure members or anyone else, egg laid on 1/11/17. Egg notes: F ld0099 (e035) 2.254, F ld0390 (e035) 1.454. Not other Mums in enclosure at the time. Therefore assign Mum as ld0390. May have weighed male as ld0390",1,,,
E035_17_BABY_04,NA,Sire_genotype,NA,Sire,2017,e035,ld0478,egg0231,w0032,"Unrelated to enclosure Dad or anyone else, wild father",1,,,
E037_17_BABY_01,E027_15_DAD_01,Sire_genotype,E027_15_DAD_01,Sire,2017,e037,ld0504,egg0326,ld0076,Unrelated to enclosure Dad.,1,E025_16_DAD_01_911118295016_6B - High,E025_16_DAD_01_911118295016_6B - High,
E037_17_BABY_01,E037_17_MOM_01,Dam_genotype,E037_17_MOM_01_911118295019_5E,Dam,2017,e037,ld0504,egg0326,ld0122,Verified matching tissue,NA,E041_15_MOM_02_911118295015_11D - High,,
E037_17_BABY_02,E027_15_DAD_01,Sire_genotype,E027_15_DAD_01,Sire,2017,e037,ld0508,egg0327,ld0076,Unrelated to enclosure Dad.,1,E025_16_DAD_01_911118295016_6B - High,,
E037_17_BABY_02,E037_17_MOM_01,Dam_genotype,E037_17_MOM_01_911118295019_5E,Dam,2017,e037,ld0508,egg0327,ld0122,Verified matching tissue,NA,E041_15_MOM_02_911118295015_11D - High,,
E037_17_BABY_03,E027_15_DAD_01,Sire_genotype,E027_15_DAD_01_911118295015_7A,Sire,2017,e037,ld0529,egg0324,ld0076,"Unrelated to enclosure Dad. Verified matching tissue with another Dad, male must have hoped over?",1,E025_16_DAD_01_911118295016_6B - High,,
E037_17_BABY_03,E037_17_MOM_01,Dam_genotype,E037_17_MOM_01_911118295019_5E,Dam,2017,e037,ld0529,egg0324,ld0122,Verified matching tissue,NA,E041_15_MOM_02_911118295015_11D - High,,
E037_17_BABY_04,E027_15_DAD_01,Sire_genotype,E027_15_DAD_01_911118295015_7A,Sire,2017,e037,ld0535,egg0325,ld0076,Unrelated to enclosure Dad.,1,E025_16_DAD_01_911118295016_6B - High,,
E037_17_BABY_04,E037_17_MOM_01,Dam_genotype,E037_17_MOM_01_911118295019_5E,Dam,2017,e037,ld0535,egg0325,ld0122,Verified matching tissue,NA,E041_15_MOM_02_911118295015_11D - High,,
E037_17_BABY_05,E027_15_DAD_01,Sire_genotype,E027_15_DAD_01_911118295015_7A,Sire,2017,e037,ld0540,egg0374,ld0076,Unrelated to enclosure Dad.,1,E025_16_DAD_01_911118295016_6B - High,,
E037_17_BABY_05,E037_17_MOM_01,Dam_genotype,E037_17_MOM_01_911118295019_5E,Dam,2017,e037,ld0540,egg0374,ld0122,Verified matching tissue,NA,E041_15_MOM_02_911118295015_11D - High,,
E037_17_BABY_06,E027_15_DAD_01,Sire_genotype,E027_15_DAD_01_911118295015_7A,Sire,2017,e037,ld0541,egg0376,ld0076,Unrelated to enclosure Dad.,1,E025_16_DAD_01_911118295016_6B - High,,
E037_17_BABY_06,E037_17_MOM_01,Dam_genotype,E037_17_MOM_01_911118295019_5E,Dam,2017,e037,ld0541,egg0376,ld0122,Verified matching tissue,NA,E041_15_MOM_02_911118295015_11D - High,,
E037_17_BABY_07,E027_15_DAD_01,Sire_genotype,E027_15_DAD_01_911118295015_7A,Sire,2017,e037,ld0547,egg0377,ld0076,Unrelated to enclosure Dad.,1,E025_16_DAD_01_911118295016_6B - High,,
E037_17_BABY_07,E037_17_MOM_01,Dam_genotype,E037_17_MOM_01_911118295019_5E,Dam,2017,e037,ld0547,egg0377,ld0122,Verified matching tissue,NA,E041_15_MOM_02_911118295015_11D - High,,
E037_17_BABY_08,E027_15_DAD_01,Sire_genotype,E027_15_DAD_01_911118295015_7A,Sire,2017,e037,ld0548,egg0375,ld0076,Unrelated to enclosure Dad.,1,E025_16_DAD_01_911118295016_6B - High,,
E037_17_BABY_08,E037_17_MOM_01,Dam_genotype,E037_17_MOM_01_911118295019_5E,Dam,2017,e037,ld0548,egg0375,ld0122,Verified matching tissue,NA,E041_15_MOM_02_911118295015_11D - High,,
E037_17_BABY_09,E027_15_DAD_01,Sire_genotype,E027_15_DAD_01_911118295015_7A,Sire,2017,e037,ld0549,egg0378,ld0076,Unrelated to enclosure Dad.,1,E025_16_DAD_01_911118295016_6B - High,,
E037_17_BABY_09,E037_17_MOM_01,Dam_genotype,E037_17_MOM_01_911118295019_5E,Dam,2017,e037,ld0549,egg0378,ld0122,Verified matching tissue,NA,E041_15_MOM_02_911118295015_11D - High,,
E038_16_BABY_01,E038_16_DAD_01,Sire_genotype,E038_16_DAD_01_911118295016_11B,Sire,2016,e038,ld0222,egg0013,ld0027,,NA,,,
E038_16_BABY_01,E038_16_MOM_02,Dam_genotype,E038_16_MOM_02_911118295016_11A,Dam,2016,e038,ld0222,egg0013,ld0090,,NA,,,
E038_16_BABY_02,E038_16_DAD_01,Sire_genotype,E038_16_DAD_01_911118295016_11B,Sire,2016,e038,ld0234,egg0014,ld0027,,NA,,,
E038_16_BABY_02,E038_16_MOM_02,Dam_genotype,E038_16_MOM_02_911118295016_11A,Dam,2016,e038,ld0234,egg0014,ld0090,,NA,,,
E038_16_BABY_03,E038_16_DAD_01,Sire_genotype,E038_16_DAD_01_911118295016_11B,Sire,2016,e038,ld0220,egg0015,ld0027,,NA,,,
E038_16_BABY_03,E038_16_MOM_02,Dam_genotype,E038_16_MOM_02_911118295016_11A,Dam,2016,e038,ld0220,egg0015,ld0090,,NA,,,
E038_16_BABY_04,E038_16_DAD_01,Sire_genotype,E038_16_DAD_01_911118295016_11B,Sire,2016,e038,ld0236,egg0016,ld0027,,NA,,,
E038_16_BABY_04,E038_16_MOM_02,Dam_genotype,E038_16_MOM_02_911118295016_11A,Dam,2016,e038,ld0236,egg0016,ld0090,,NA,,,
E038_16_BABY_05,E038_16_DAD_01,Sire_genotype,E038_16_DAD_01_911118295016_11B,Sire,2016,e038,ld0374,egg0190,ld0027,,NA,,,
E038_16_BABY_05,E038_16_MOM_02,Dam_genotype,E038_16_MOM_02_911118295016_11A,Dam,2016,e038,ld0374,egg0190,ld0090,,NA,,,
E038_16_BABY_06,E038_16_DAD_01,Sire_genotype,E038_16_DAD_01_911118295016_11B,Sire,2016,e038,ld0365,egg0191,ld0027,,NA,,,
E038_16_BABY_06,E038_16_MOM_02,Dam_genotype,E038_16_MOM_02_911118295016_11A,Dam,2016,e038,ld0365,egg0191,ld0090,,NA,,,
E038_16_BABY_07,E038_16_DAD_01,Sire_genotype,E038_16_DAD_01_911118295016_11B,Sire,2016,e038,ld0375,egg0192,ld0027,,NA,,,
E038_16_BABY_07,E038_16_MOM_02,Dam_genotype,E038_16_MOM_02_911118295016_11A,Dam,2016,e038,ld0375,egg0192,ld0090,,NA,,,
E038_16_BABY_08,E038_16_DAD_01,Sire_genotype,E038_16_DAD_01_911118295016_11B,Sire,2016,e038,ld0360,egg0193,ld0027,,NA,,,
E038_16_BABY_08,E038_16_MOM_02,Dam_genotype,E038_16_MOM_02_911118295016_11A,Dam,2016,e038,ld0360,egg0193,ld0090,,NA,,,
E040_15_BABY_01,E040_15_MOM_02,Dam_genotype,E040_15_MOM_02_911118295014_5F,Dam,2015,e040,NA,egg0026,ld0121,"Unrelated to all enclosure members, died as egg",NA,E013_16_MOM_03_911118295016_2B,,
E040_15_BABY_01,NA,Sire_genotype,NA,Sire,2015,e040,NA,egg0026,NA,"Unrelated to all enclosure members, died as egg",NA,E013_16_MOM_03_911118295016_2B,,
E040_15_BABY_02,E040_15_MOM_02,Dam_genotype,E040_15_MOM_02_911118295014_5F,Dam,2015,e040,NA,egg0027,ld0121,"Unrelated to all enclosure members, died as egg",NA,E013_16_MOM_03_911118295016_2B,,
E040_15_BABY_02,NA,Sire_genotype,NA,Sire,2015,e040,NA,egg0027,NA,"Unrelated to all enclosure members, died as egg",NA,E013_16_MOM_03_911118295016_2B,,
E040_17_BABY_01,E040_17_MOM_02,Dam_genotype,E040_17_MOM_02_911118295019_7B,Dam,2017,e040,ld0486,egg0292,ld0116,,NA,,,
E040_17_BABY_01,E040_17_DAD_01,Sire_genotype,E040_17_DAD_01_911118295019_7C,Sire,2017,e040,ld0486,egg0292,ld0143,,NA,,,
E040_17_BABY_02,E040_17_MOM_02,Dam_genotype,E040_17_MOM_02_911118295019_7B,Dam,2017,e040,ld0482,egg0291,ld0116,,NA,,,
E040_17_BABY_02,E040_17_DAD_01,Sire_genotype,E040_17_DAD_01_911118295019_7C,Sire,2017,e040,ld0482,egg0291,ld0143,,NA,,,
E040_17_BABY_03,E040_17_MOM_02,Dam_genotype,E040_17_MOM_02_911118295019_7B,Dam,2017,e040,ld0515,egg0294,ld0116,,NA,,,
E040_17_BABY_03,E040_17_DAD_01,Sire_genotype,E040_17_DAD_01_911118295019_7C,Sire,2017,e040,ld0515,egg0294,ld0143,,NA,,,
E040_17_BABY_04,E040_17_MOM_02,Dam_genotype,E040_17_MOM_02_911118295019_7B,Dam,2017,e040,ld0517,egg0293,ld0116,,NA,,,
E040_17_BABY_04,E040_17_DAD_01,Sire_genotype,E040_17_DAD_01_911118295019_7C,Sire,2017,e040,ld0517,egg0293,ld0143,,NA,,,
E040_17_BABY_05,E040_17_MOM_02,Dam_genotype,E040_17_MOM_02_911118295019_7B,Dam,2017,e040,ld0518,egg0365,ld0116,,NA,,,
E040_17_BABY_05,E040_17_DAD_01,Sire_genotype,E040_17_DAD_01_911118295019_7C,Sire,2017,e040,ld0518,egg0365,ld0143,,NA,,,
E040_17_BABY_06,E040_17_MOM_02,Dam_genotype,E040_17_MOM_02_911118295019_7B,Dam,2017,e040,ld0520,egg0372,ld0116,,NA,,,
E040_17_BABY_06,E040_17_DAD_01,Sire_genotype,E040_17_DAD_01_911118295019_7C,Sire,2017,e040,ld0520,egg0372,ld0143,,NA,,,
E040_17_BABY_07,E040_17_MOM_02,Dam_genotype,E040_17_MOM_02_911118295019_7B,Dam,2017,e040,ld0524,egg0367,ld0116,,NA,,,
E040_17_BABY_07,E040_17_DAD_01,Sire_genotype,E040_17_DAD_01_911118295019_7C,Sire,2017,e040,ld0524,egg0367,ld0143,,NA,,,
E040_17_BABY_08,E040_17_MOM_02,Dam_genotype,E040_17_MOM_02_911118295019_7B,Dam,2017,e040,ld0544,egg0366,ld0116,,NA,,,
E040_17_BABY_08,E040_17_DAD_01,Sire_genotype,E040_17_DAD_01_911118295019_7C,Sire,2017,e040,ld0544,egg0366,ld0143,,NA,,,
E040_17_BABY_09,E040_17_MOM_02,Dam_genotype,E040_17_MOM_02_911118295019_7B,Dam,2017,e040,ld0545,egg0368,ld0116,,NA,,,
E040_17_BABY_09,E040_17_DAD_01,Sire_genotype,E040_17_DAD_01_911118295019_7C,Sire,2017,e040,ld0545,egg0368,ld0143,,NA,,,
E042_15_BABY_01,NA,Dam_genotype,NA,Dam,2015,e042,NA,egg0024,NA,"Unrelated to all enclosure members, died as egg",NA,,,
E042_15_BABY_01,NA,Sire_genotype,NA,Sire,2015,e042,NA,egg0024,NA,"Unrelated to all enclosure members, died as egg",NA,,,
E042_15_BABY_02,NA,Dam_genotype,NA,Dam,2015,e042,ld0160,egg0025,NA,Unrelated to enclosure parents or to anyone!?,NA,,,
E042_15_BABY_02,NA,Sire_genotype,NA,Sire,2015,e042,ld0160,egg0025,NA,Unrelated to enclosure parents or to anyone!?,NA,,,
E043_15_BABY_01,E043_15_MOM_01,Dam_genotype,E043_15_MOM_01_911118295014_6G,Dam,2015,e043,ld0164,egg0011,ld0126,,NA,"E0M2A_16_MOM_02_911118295018_9A
E0M2A_17_MOM_02_911118295020_4B
E027_16_MOM_02_911118295016_7B",,
E043_15_BABY_01,E043_15_DAD_01,Sire_genotype,E043_15_DAD_01_911118295014_7A,Sire,2015,e043,ld0164,egg0011,ld0137,,NA,"E0M2A_16_MOM_02_911118295018_9A
E0M2A_17_MOM_02_911118295020_4B
E027_16_MOM_02_911118295016_7B",,
E043_15_BABY_02,E043_15_MOM_01,Dam_genotype,E043_15_MOM_01_911118295014_6G,Dam,2015,e043,NA,egg0012,ld0126,"Diff Dad, no match, died as egg",NA,"E0M2A_16_MOM_02_911118295018_9A
E0M2A_17_MOM_02_911118295020_4B
E027_16_MOM_02_911118295016_7B",,
E043_15_BABY_02,NA,Sire_genotype,NA,Sire,2015,e043,NA,egg0012,NA,"Diff Dad, no match, died as egg",NA,"E0M2A_16_MOM_02_911118295018_9A
E0M2A_17_MOM_02_911118295020_4B
E027_16_MOM_02_911118295016_7B",,
E043_15_BABY_03,E043_15_MOM_01,Dam_genotype,E043_15_MOM_01_911118295014_6G,Dam,2015,e043,ld0159,egg0013,ld0126,"Diff Dad, no match",NA,"E0M2A_16_MOM_02_911118295018_9A
E0M2A_17_MOM_02_911118295020_4B
E027_16_MOM_02_911118295016_7B",,
E043_15_BABY_03,NA,Sire_genotype,NA,Sire,2015,e043,ld0159,egg0013,NA,"Diff Dad, no match",NA,"E0M2A_16_MOM_02_911118295018_9A
E0M2A_17_MOM_02_911118295020_4B
E027_16_MOM_02_911118295016_7B",,
E043_16_BABY_01,E043_16_MOM_01,Dam_genotype,E043_16_MOM_01_911118295016_12C,Dam,2016,e043,ld0289,egg0136,ld0067,No enclosure dad in group but found tissue match. Verified with enclosure records - all OK,1,,,
E043_16_BABY_01,E032_15_DAD_01,Sire_genotype,E032_15_DAD_01_911118295015_8H,Sire,2016,e043,ld0289,egg0136,ld0095,No enclosure dad in group but found tissue match. Verified with enclosure records - all OK,1,,,
E043_16_BABY_02,E043_16_MOM_01,Dam_genotype,E043_16_MOM_01_911118295016_12C,Dam,2016,e043,ld0344,egg0137,ld0067,Half sibs,NA,,,
E043_16_BABY_02,E032_15_DAD_01,Sire_genotype,E032_15_DAD_01_911118295015_8H,Sire,2016,e043,ld0344,egg0137,ld0095,Half sibs,NA,,,
E043_16_BABY_03,E043_16_MOM_01,Dam_genotype,E043_16_MOM_01_911118295016_12C,Dam,2016,e043,ld0345,egg0138,ld0067,Half sibs,NA,,,
E043_16_BABY_03,E032_15_DAD_01,Sire_genotype,E032_15_DAD_01_911118295015_8H,Sire,2016,e043,ld0345,egg0138,ld0095,Half sibs,NA,,,
E043_16_BABY_04,E043_16_MOM_02,Dam_genotype,E043_16_MOM_02_911118295016_12D,Dam,2016,e043,ld0316,egg0152,ld0005,Half sibs,NA,,,
E043_16_BABY_04,E032_15_DAD_01,Sire_genotype,E032_15_DAD_01_911118295015_8H,Sire,2016,e043,ld0316,egg0152,ld0095,Half sibs,NA,,,
E043_16_BABY_05,E043_16_MOM_02,Dam_genotype,E043_16_MOM_02_911118295016_12D,Dam,2016,e043,ld0355,egg0153,ld0005,Half sibs,NA,,,
E043_16_BABY_05,E032_15_DAD_01,Sire_genotype,E032_15_DAD_01_911118295015_8H,Sire,2016,e043,ld0355,egg0153,ld0095,Half sibs,NA,,,
E043_16_BABY_06,E043_16_MOM_02,Dam_genotype,E043_16_MOM_02_911118295016_12D,Dam,2016,e043,ld0351,egg0154,ld0005,Half sibs,NA,,,
E043_16_BABY_06,E032_15_DAD_01,Sire_genotype,E032_15_DAD_01_911118295015_8H,Sire,2016,e043,ld0351,egg0154,ld0095,Half sibs,NA,,,
E043_17_BABY_01,E043_17_MOM_02,Dam_genotype,E043_17_MOM_02_911118295019_8F,Dam,2017,e043,ld0455,egg0247,ld0005,,NA,,,
E043_17_BABY_01,E043_17_DAD_01,Sire_genotype,E043_17_DAD_01_911118295019_8G,Sire,2017,e043,ld0455,egg0247,ld0442,,NA,,,
E043_17_BABY_02,E043_17_MOM_02,Dam_genotype,E043_17_MOM_02_911118295019_8F,Dam,2017,e043,ld0456,egg0246,ld0005,,NA,,,
E043_17_BABY_02,E043_17_DAD_01,Sire_genotype,E043_17_DAD_01_911118295019_8G,Sire,2017,e043,ld0456,egg0246,ld0442,,NA,,,
E043_17_BABY_03,E043_17_MOM_02,Dam_genotype,E043_17_MOM_02_911118295019_8F,Dam,2017,e043,ld0493,egg0302,ld0005,,NA,,,
E043_17_BABY_03,E043_17_DAD_01,Sire_genotype,E043_17_DAD_01_911118295019_8G,Sire,2017,e043,ld0493,egg0302,ld0442,,NA,,,
E043_17_BABY_04,E043_17_MOM_01,Dam_genotype,E043_17_MOM_01_911118295019_8E,Dam,2017,e043,ld0525,egg0309,ld0067,,NA,,,
E043_17_BABY_04,E043_17_DAD_01,Sire_genotype,E043_17_DAD_01_911118295019_8G,Sire,2017,e043,ld0525,egg0309,ld0442,,NA,,,
E043_17_BABY_05,E043_17_MOM_01,Dam_genotype,E043_17_MOM_01_911118295019_8E,Dam,2017,e043,ld0527,egg0311,ld0067,,NA,,,
E043_17_BABY_05,E043_17_DAD_01,Sire_genotype,E043_17_DAD_01_911118295019_8G,Sire,2017,e043,ld0527,egg0311,ld0442,,NA,,,
E043_17_BABY_06,E043_17_MOM_01,Dam_genotype,E043_17_MOM_01_911118295019_8E,Dam,2017,e043,ld0490,egg0262,ld0067,,NA,,,
E043_17_BABY_06,E043_17_DAD_01,Sire_genotype,E043_17_DAD_01_911118295019_8G,Sire,2017,e043,ld0490,egg0262,ld0442,,NA,,,
E043_17_BABY_07,E043_17_MOM_01,Dam_genotype,E043_17_MOM_01_911118295019_8E,Dam,2017,e043,ld0488,egg0310,ld0067,,NA,,,
E043_17_BABY_07,E043_17_DAD_01,Sire_genotype,E043_17_DAD_01_911118295019_8G,Sire,2017,e043,ld0488,egg0310,ld0442,,NA,,,
E043_17_BABY_08,E043_17_MOM_02,Dam_genotype,E043_17_MOM_02_911118295019_8F,Dam,2017,e043,ld0495,egg0301,ld0005,,NA,,,
E043_17_BABY_08,E043_17_DAD_01,Sire_genotype,E043_17_DAD_01_911118295019_8G,Sire,2017,e043,ld0495,egg0301,ld0442,,NA,,,
E043_17_BABY_09,E043_17_MOM_01,Dam_genotype,E043_17_MOM_01_911118295019_8E,Dam,2017,e043,ld0498,egg0307,ld0067,,NA,,,
E043_17_BABY_09,E043_17_DAD_01,Sire_genotype,E043_17_DAD_01_911118295019_8G,Sire,2017,e043,ld0498,egg0307,ld0442,,NA,,,
E043_17_BABY_10,E043_17_MOM_02,Dam_genotype,E043_17_MOM_02_911118295019_8F,Dam,2017,e043,ld0519,egg0300,ld0005,,NA,,,
E043_17_BABY_10,E043_17_DAD_01,Sire_genotype,E043_17_DAD_01_911118295019_8G,Sire,2017,e043,ld0519,egg0300,ld0442,,NA,,,
E043_17_BABY_11,E043_17_MOM_01,Dam_genotype,E043_17_MOM_01_911118295019_8E,Dam,2017,e043,ld0521,egg0308,ld0067,,NA,,,
E043_17_BABY_11,E043_17_DAD_01,Sire_genotype,E043_17_DAD_01_911118295019_8G,Sire,2017,e043,ld0521,egg0308,ld0442,,NA,,,
E043_17_BABY_12,E043_17_MOM_01,Dam_genotype,E043_17_MOM_01_911118295019_8E,Dam,2017,e043,ld0542,egg0382,ld0067,,NA,,,
E043_17_BABY_12,E043_17_DAD_01,Sire_genotype,E043_17_DAD_01_911118295019_8G,Sire,2017,e043,ld0542,egg0382,ld0442,,NA,,,
E043_17_BABY_13,E043_17_MOM_02,Dam_genotype,E043_17_MOM_02_911118295019_8F,Dam,2017,e043,ld0550,egg0386,ld0005,,NA,,,
E043_17_BABY_13,E043_17_DAD_01,Sire_genotype,E043_17_DAD_01_911118295019_8G,Sire,2017,e043,ld0550,egg0386,ld0442,,NA,,,
E044_16_BABY_01,E044_16_DAD_01,Sire_genotype,E044_16_DAD_01_911118295018_8C,Sire,2016,e044,ld0369,egg0194,ld0013,,NA,,,
E044_16_BABY_01,E044_16_MOM_02,Dam_genotype,E044_16_MOM_02_911118295018_8B,Dam,2016,e044,ld0369,egg0194,ld0144,,NA,,,
E044_16_BABY_02,E044_16_DAD_01,Sire_genotype,E044_16_DAD_01_911118295018_8C,Sire,2016,e044,ld0378,egg0195,ld0013,,NA,,,
E044_16_BABY_02,E044_16_MOM_02,Dam_genotype,E044_16_MOM_02_911118295018_8B,Dam,2016,e044,ld0378,egg0195,ld0144,,NA,,,
E044_16_BABY_03,E044_16_DAD_01,Sire_genotype,E044_16_DAD_01_911118295018_8C,Sire,2016,e044,ld0368,egg0196,ld0013,,NA,,,
E044_16_BABY_03,E044_16_MOM_02,Dam_genotype,E044_16_MOM_02_911118295018_8B,Dam,2016,e044,ld0368,egg0196,ld0144,,NA,,,
E044_16_BABY_04,E044_16_DAD_01,Sire_genotype,E044_16_DAD_01_911118295018_8C,Sire,2016,e044,ld0379,egg0197,ld0013,,NA,,,
E044_16_BABY_04,E044_16_MOM_02,Dam_genotype,E044_16_MOM_02_911118295018_8B,Dam,2016,e044,ld0379,egg0197,ld0144,,NA,,,
E044_17_BABY_01,E044_17_DAD_01,Dam_genotype,E044_17_DAD_01_911118295019_10H,Dam,2017,e044,ld0447,egg0226,ld0402,"WEIRD Unrelated to enclosure Mum, ld0402 should be MUM, Mum mislabelled as Dad - caught 15/09/17, egg laid 27/11/17. Egg notes: ld0138 M, ld0144 F mass 1.686, ld0402 F mass 1.157. Wild father?. Ld0402 double clutch. First time with wild father, second time with enclosure father",1,,,
E044_17_BABY_01,NA,Sire_genotype,NA,Sire,2017,e044,ld0447,egg0226,w0032,No matches for Dad,1,,,
E044_17_BABY_02,E044_17_DAD_01,Dam_genotype,E044_17_DAD_01_911118295019_10H,Dam,2017,e044,ld0449,egg0227,ld0402,"WEIRD Unrelated to enclosure Mum, ld0402 should be MUM, Mum mislabelled as Dad - caught 15/09/17, egg laid 27/11/17. Egg notes: ld0138 M, ld0144 F mass 1.686, ld0402 F mass 1.157. Wild father?",1,,,
E044_17_BABY_02,NA,Sire_genotype,NA,Sire,2017,e044,ld0449,egg0227,w0032,No matches for Dad,1,,,
E044_17_BABY_03,E044_17_DAD_01,Dam_genotype,E044_17_DAD_01_911118295019_10H,Dam,2017,e044,ld0459,egg0225,ld0402,"WEIRD Unrelated to enclosure Mum, ld0402 should be MUM, Mum mislabelled as Dad - caught 15/09/17, egg laid 27/11/17. Egg notes: ld0138 M, ld0144 F mass 1.686, ld0402 F mass 1.157. Wild father?",1,,,
E044_17_BABY_03,NA,Sire_genotype,NA,Sire,2017,e044,ld0459,egg0225,w0032,No matches for Dad,1,,,
E044_17_BABY_04,E044_17_DAD_01,Dam_genotype,E044_17_DAD_01_911118295019_10H,Dam,2017,e044,ld0460,egg0228,ld0402,"WEIRD Unrelated to enclosure Mum, ld0402 should be MUM, Mum mislabelled as Dad - caught 15/09/17, egg laid 27/11/17. Egg notes: ld0138 M, ld0144 F mass 1.686, ld0402 F mass 1.157. Wild father?",1,,,
E044_17_BABY_04,NA,Sire_genotype,NA,Sire,2017,e044,ld0460,egg0228,w0032,No matches for Dad,1,,,
E044_17_BABY_05,E044_15_DAD_01,Sire_genotype,E044_15_DAD_01_911118295015_11H,Sire,2017,e044,ld0501,egg0317,ld0138,"WEIRD Dad mislabelled as Mum, Ld0402 double clutch. First time with wild father, second time with enclosure father",1,,,
E044_17_BABY_05,E044_17_DAD_01,Dam_genotype,E044_17_DAD_01_911118295019_10H,Dam,2017,e044,ld0501,egg0317,ld0402,"WEIRD Dad mislabelled as Mum, Ld0402 double clutch. First time with wild father, second time with enclosure father",1,,,
E044_17_BABY_06,E044_15_DAD_01,Sire_genotype,E044_15_DAD_01_911118295015_11H,Sire,2017,e044,ld0503,egg0316,ld0138,"WEIRD Dad mislabelled as Mum, Ld0402 double clutch. First time with wild father, second time with enclosure father",1,,,
E044_17_BABY_06,E044_17_DAD_01,Dam_genotype,E044_17_DAD_01_911118295019_10H,Dam,2017,e044,ld0503,egg0316,ld0402,"WEIRD Dad mislabelled as Mum, Ld0402 double clutch. First time with wild father, second time with enclosure father",1,,,
E044_17_BABY_07,E044_15_DAD_01,Sire_genotype,E044_15_DAD_01_911118295015_11H,Sire,2017,e044,ld0528,egg0315,ld0138,"WEIRD Dad mislabelled as Mum, Ld0402 double clutch. First time with wild father, second time with enclosure father",1,,,
E044_17_BABY_07,E044_17_DAD_01,Dam_genotype,E044_17_DAD_01_911118295019_10H,Dam,2017,e044,ld0528,egg0315,ld0402,"WEIRD Dad mislabelled as Mum, Ld0402 double clutch. First time with wild father, second time with enclosure father",1,,,
E045_15_BABY_01,E045_15_MOM_01,Dam_genotype,E045_15_MOM_01_911118295014_7E,Dam,2015,e045,NA,egg0017,ld0131,"Unrelated to  enclosure Dad, died as egg",NA,E002_15_BABY_03_911118295014_2C,,
E045_15_BABY_01,NA,Sire_genotype,NA,Sire,2015,e045,NA,egg0017,NA,"Unrelated to  enclosure Dad, died as egg",NA,E002_15_BABY_03_911118295014_2C,,
E045_15_BABY_02,E045_15_MOM_01,Dam_genotype,E045_15_MOM_01_911118295014_7E,Dam,2015,e045,NA,egg0019,ld0131,"Unrelated to  enclosure Dad, died as egg",NA,E002_15_BABY_03_911118295014_2C,,
E045_15_BABY_02,NA,Sire_genotype,NA,Sire,2015,e045,NA,egg0019,NA,"Unrelated to  enclosure Dad, died as egg",NA,E002_15_BABY_03_911118295014_2C,,
E045_15_BABY_03,E045_15_MOM_01,Dam_genotype,E045_15_MOM_01_911118295014_7E,Dam,2015,e045,NA,egg0020,ld0131,"Unrelated to  enclosure Dad, died as egg",NA,E002_15_BABY_03_911118295014_2C,,
E045_15_BABY_03,NA,Sire_genotype,NA,Sire,2015,e045,NA,egg0020,NA,"Unrelated to  enclosure Dad, died as egg",NA,E002_15_BABY_03_911118295014_2C,,
E045_17_BABY_01,E045_17_MOM_01,Dam_genotype,E045_17_MOM_01_911118295019_11H,Dam,2017,e045,ld0451,egg0244,ld0106,,NA,,,
E045_17_BABY_01,E045_17_DAD_01,Sire_genotype,E045_17_DAD_01_911118295019_12B,Sire,2017,e045,ld0451,egg0244,ld0175,,NA,,,
E045_17_BABY_02,E045_17_MOM_01,Dam_genotype,E045_17_MOM_01_911118295019_11H,Dam,2017,e045,ld0475,egg0241,ld0106,,NA,,,
E045_17_BABY_02,E045_17_DAD_01,Sire_genotype,E045_17_DAD_01_911118295019_12B,Sire,2017,e045,ld0475,egg0241,ld0175,,NA,,,
E045_17_BABY_03,E045_17_MOM_01,Dam_genotype,E045_17_MOM_01_911118295019_11H,Dam,2017,e045,ld0476,egg0245,ld0106,,NA,,,
E045_17_BABY_03,E045_17_DAD_01,Sire_genotype,E045_17_DAD_01_911118295019_12B,Sire,2017,e045,ld0476,egg0245,ld0175,,NA,,,
E045_17_BABY_04,E045_17_MOM_01,Dam_genotype,E045_17_MOM_01_911118295019_11H,Dam,2017,e045,ld0481,egg0242,ld0106,,NA,,,
E045_17_BABY_04,E045_17_DAD_01,Sire_genotype,E045_17_DAD_01_911118295019_12B,Sire,2017,e045,ld0481,egg0242,ld0175,,NA,,,
E045_17_BABY_05,E045_17_MOM_01,Dam_genotype,E045_17_MOM_01_911118295019_11H,Dam,2017,e045,ld0483,egg0243,ld0106,,NA,,,
E045_17_BABY_05,E045_17_DAD_01,Sire_genotype,E045_17_DAD_01_911118295019_12B,Sire,2017,e045,ld0483,egg0243,ld0175,,NA,,,
E045_17_BABY_06,E045_17_MOM_01,Dam_genotype,E045_17_MOM_01_911118295019_11H,Dam,2017,e045,ld0511,egg0353,ld0106,,NA,,,
E045_17_BABY_06,E045_17_DAD_01,Sire_genotype,E045_17_DAD_01_911118295019_12B,Sire,2017,e045,ld0511,egg0353,ld0175,,NA,,,
E045_17_BABY_07,E045_17_MOM_01,Dam_genotype,E045_17_MOM_01_911118295019_11H,Dam,2017,e045,ld0512,egg0356,ld0106,,NA,,,
E045_17_BABY_07,E045_17_DAD_01,Sire_genotype,E045_17_DAD_01_911118295019_12B,Sire,2017,e045,ld0512,egg0356,ld0175,,NA,,,
E045_17_BABY_08,E045_17_MOM_01,Dam_genotype,E045_17_MOM_01_911118295019_11H,Dam,2017,e045,ld0536,egg0354,ld0106,,NA,,,
E045_17_BABY_08,E045_17_DAD_01,Sire_genotype,E045_17_DAD_01_911118295019_12B,Sire,2017,e045,ld0536,egg0354,ld0175,,NA,,,
E045_17_BABY_09,E0M2A_17_DAD_01,Sire_genotype,E0M2A_17_DAD_01_911118295020_4C,Sire,2017,e045,ld0539,egg0355,ld0115,"WEIRD Unrelated to enclosure members. Parents were in em2a together. Laid 17/12/17, egg notes: female - tc0(12)50, mass = 1.681; ld01060 tc0231 female, mass = 1.276, one baby from E2MA E0M2A_17_BABY_05_911118295020_4H completely related to clutch error during plating, but this baby not in spreadsheet",NA,"E0M2A_17_MOM_02_911118295020_4B
E043_15_MOM_01_911118295014_6G",,
E045_17_BABY_09,E0M2A_16_MOM_02,Dam_genotype,E0M2A_16_MOM_02_911118295018_9A,Dam,2017,e045,ld0539,egg0355,ld0126,"WEIRD Unrelated to enclosure members. Parents were in em2a together. Laid 17/12/17, egg notes: female - tc0(12)50, mass = 1.681; ld01060 tc0231 female, mass = 1.276, one baby from E2MA E0M2A_17_BABY_05_911118295020_4H completely related to clutch error during plating, but this baby not in spreadsheet",NA,"E0M2A_17_MOM_02_911118295020_4B
E043_15_MOM_01_911118295014_6G",,
E046_15_BABY_01,E046_15_MOM_02,Dam_genotype,E046_15_MOM_02_911118295014_8D,Dam,2015,e046,NA,egg0029,ld0139,"Unrelated to  enclosure Dad, died as egg",NA,,,
E046_15_BABY_01,NA,Sire_genotype,NA,Sire,2015,e046,NA,egg0029,NA,"Unrelated to  enclosure Dad, died as egg",NA,,,
E046_15_BABY_02,E046_15_MOM_02,Dam_genotype,E046_15_MOM_02_911118295014_8D,Dam,2015,e046,NA,egg0030,ld0139,"Unrelated to  enclosure Dad, died as egg",NA,,,
E046_15_BABY_02,NA,Sire_genotype,NA,Sire,2015,e046,NA,egg0030,NA,"Unrelated to  enclosure Dad, died as egg",NA,,,
E046_15_BABY_03,E046_15_MOM_02,Dam_genotype,E046_15_MOM_02_911118295014_8D,Dam,2015,e046,NA,egg0031,ld0139,"Unrelated to  enclosure Dad, died as egg",NA,,,
E046_15_BABY_03,NA,Sire_genotype,NA,Sire,2015,e046,NA,egg0031,NA,"Unrelated to  enclosure Dad, died as egg",NA,,,
E047_15_BABY_01,E047_15_MOM_01,Dam_genotype,E047_15_MOM_01_911118295014_9A,Dam,2015,e047,NA,egg0038,ld0136,"Diff Dad, no match, died as egg",NA,Other babies,,
E047_15_BABY_01,NA,Sire_genotype,NA,Sire,2015,e047,NA,egg0038,NA,"Diff Dad, no match, died as egg",NA,Other babies,,
E047_15_BABY_02,E047_15_MOM_01,Dam_genotype,E047_15_MOM_01_911118295014_9A,Dam,2015,e047,NA,egg0039,ld0136,"Diff Dad, no match, died as egg",NA,E0M2A_16_DAD_01_911118295018_9B,,
E047_15_BABY_02,E047_15_DAD_01,Sire_genotype,E047_15_DAD_01_911118295014_9C,Sire,2015,e047,NA,egg0039,ld0143,"Diff Dad, no match, died as egg",NA,E0M2A_16_DAD_01_911118295018_9B,,
E047_15_BABY_03,E047_15_MOM_01,Dam_genotype,E047_15_MOM_01_911118295014_9A,Dam,2015,e047,NA,egg0040,ld0136,"Diff Dad, no match, died as egg",NA,,,
E047_15_BABY_03,NA,Sire_genotype,NA,Sire,2015,e047,NA,egg0040,NA,"Diff Dad, no match, died as egg",NA,,,
E048_15_BABY_02,E021_16_DAD_01,Sire_genotype,E021_16_DAD_01_911118295016_4A,Sire,2015,e048,NA,egg0042,ld0140,"Unrelated to  enclosure Dad, died as egg",NA,,,
E048_15_BABY_02,E048_15_MOM_01,Dam_genotype,E048_15_MOM_01_911118295014_9G,Dam,2015,e048,NA,egg0042,ld0141,"Unrelated to  enclosure Dad, died as egg",NA,,,
E048_15_BABY_03,E021_16_DAD_01,Sire_genotype,E021_16_DAD_01_911118295016_4A,Sire,2015,e048,NA,egg0043,ld0140,"Unrelated to  enclosure Dad, died as egg",NA,,,
E048_15_BABY_03,E048_15_MOM_01,Dam_genotype,E048_15_MOM_01_911118295014_9G,Dam,2015,e048,NA,egg0043,ld0141,"Unrelated to  enclosure Dad, died as egg",NA,,,
E048_17_BABY_01,E048_17_MOM_04,Dam_genotype,E048_17_MOM_04_911118295020_2A,Dam,2017,e048,ld0505,egg0335,ld0403,"All females in enclosure, wild female collected 18/9/17, egg laid 11/12/17",,,,
E048_17_BABY_01,NA,Sire_genotype,NA,Sire,2017,e048,ld0505,egg0335,w0033,Wild father,1,,,
E048_17_BABY_02,E048_17_MOM_04,Dam_genotype,E048_17_MOM_04_911118295020_2A,Dam,2017,e048,ld0534,egg0336,ld0403,"All females in enclosure, wild female collected 18/9/17, egg laid 11/12/17",,,,
E048_17_BABY_02,NA,Sire_genotype,NA,Sire,2017,e048,ld0534,egg0336,w0033,Wild father,1,,,
E049_16_BABY_01,E049_16_MOM_03,Dam_genotype,E049_16_MOM_03_911118295017_2E,Dam,2016,e049,ld0311,egg0056,ld0157,,NA,,,
E049_16_BABY_01,NA,Sire_genotype,NA,Sire,2016,e049,ld0311,egg0056,w0001,"Unrelated to enclosure Dad, no matches. Mother was captured 15/08/2016, eggs laid on 18/11/2016 - sperm storage?",1,,,
E049_16_BABY_02,E049_16_MOM_03,Dam_genotype,E049_16_MOM_03_911118295017_2E,Dam,2016,e049,ld0252,egg0057,ld0157,,NA,,,
E049_16_BABY_02,NA,Sire_genotype,NA,Sire,2016,e049,ld0252,egg0057,w0001,"Unrelated to enclosure Dad, no matches. Mother was captured 15/08/2016, eggs laid on 18/11/2016 - sperm storage?",1,,,
E049_16_BABY_03,E049_16_MOM_03,Dam_genotype,E049_16_MOM_03_911118295017_2E,Dam,2016,e049,ld0298,egg0058,ld0157,,NA,,,
E049_16_BABY_03,NA,Sire_genotype,NA,Sire,2016,e049,ld0298,egg0058,w0001,"Unrelated to enclosure Dad, no matches. Mother was captured 15/08/2016, eggs laid on 18/11/2016 - sperm storage?",1,,,
E049_16_BABY_04,E049_16_MOM_02,Dam_genotype,E049_16_MOM_02_911118295017_2D,Dam,2016,e049,ld0329,egg0165,ld0156,,NA,,UNSWKen,15/1/2017
E049_16_BABY_04,NA,Sire_genotype,NA,Sire,2016,e049,ld0329,egg0165,w0002,"Unrelated to enclosure Dad, no matches. Mother was captured 15/08/2016, eggs laid on 18/11/2016 - sperm storage?",1,,,
E049_16_BABY_05,E049_16_MOM_02,Dam_genotype,E049_16_MOM_02_911118295017_2D,Dam,2016,e049,ld0359,egg0166,ld0156,,NA,,UNSWKen,6/2/2017
E049_16_BABY_05,NA,Sire_genotype,NA,Sire,2016,e049,ld0359,egg0166,w0002,"Unrelated to enclosure Dad, no matches. Mother was captured 15/08/2016, eggs laid on 18/11/2016 - sperm storage?",1,,,
E049_16_BABY_06,E049_16_MOM_02,Dam_genotype,E049_16_MOM_02_911118295017_2D,Dam,2016,e049,ld0364,egg0167,ld0156,,NA,,UNSWKen,6/2/2017
E049_16_BABY_06,NA,Sire_genotype,NA,Sire,2016,e049,ld0364,egg0167,w0002,"Unrelated to enclosure Dad, no matches. Mother was captured 15/08/2016, eggs laid on 18/11/2016 - sperm storage?",1,,,
E049_16_BABY_07,E049_16_MOM_02,Dam_genotype,E049_16_MOM_02_911118295017_2D,Dam,2016,e049,ld0334,egg0168,ld0156,,NA,,UNSWKen,16/1/2017
E049_16_BABY_07,NA,Sire_genotype,NA,Sire,2016,e049,ld0334,egg0168,w0002,"Unrelated to enclosure Dad, no matches. Mother was captured 15/08/2016, eggs laid on 18/11/2016 - sperm storage?",1,,,
E050_16_BABY_01,E050_16_MOM_02,Dam_genotype,E050_16_MOM_02_911118295017_3G,Dam,2016,e050,ld0242,egg0039,ld0160,,,,,
E050_16_BABY_01,NA,Sire_genotype,NA,Sire,2016,e050,ld0242,egg0039,w0002,"No enclosure Dad, verified these are wild females",1,,,
E050_16_BABY_02,E050_16_MOM_02,Dam_genotype,E050_16_MOM_02_911118295017_3G,Dam,2016,e050,ld0240,egg0040,ld0160,,,,,
E050_16_BABY_02,NA,Sire_genotype,NA,Sire,2016,e050,ld0240,egg0040,w0002,"No enclosure Dad, verified these are wild females",1,,,
E050_16_BABY_03,E051_16_MOM_04,Dam_genotype,E051_16_MOM_04_911118295017_5C,Dam,2016,e050,ld0287,egg0041,ld0166,"WEIRD same mother as e51 baby 4 but not strongly related to babies? Multiple paternity? No enclosure Dad, verified these are wild females",1,,,
E050_16_BABY_03,NA,Sire_genotype,NA,Sire,2016,e050,ld0287,egg0041,w0003,"No enclosure Dad, verified these are wild females",1,,,
E050_16_BABY_04,E050_16_MOM_01,Dam_genotype,E050_16_MOM_01_911118295017_3F,Dam,2016,e050,ld0260,egg0076,ld0161,,1,,,
E050_16_BABY_04,NA,Sire_genotype,NA,Sire,2016,e050,ld0260,egg0076,w0004,"No enclosure Dad, verified these are wild females",1,,,
E050_16_BABY_05,E050_16_MOM_01,Dam_genotype,E050_16_MOM_01_911118295017_3F,Dam,2016,e050,ld0317,egg0077,ld0161,,1,,,
E050_16_BABY_05,NA,Sire_genotype,NA,Sire,2016,e050,ld0317,egg0077,w0004,"No enclosure Dad, verified these are wild females",1,,,
E050_16_BABY_06,E050_16_MOM_01,Dam_genotype,E050_16_MOM_01_911118295017_3F,Dam,2016,e050,ld0309,egg0078,ld0161,,1,,,
E050_16_BABY_06,NA,Sire_genotype,NA,Sire,2016,e050,ld0309,egg0078,w0004,"No enclosure Dad, verified these are wild females",1,,,
E050_16_BABY_07,E050_16_MOM_01,Dam_genotype,E050_16_MOM_01_911118295017_3F,Dam,2016,e050,ld0265,egg0079,ld0161,,1,,,
E050_16_BABY_07,NA,Sire_genotype,NA,Sire,2016,e050,ld0265,egg0079,w0004,"No enclosure Dad, verified these are wild females",1,,,
E051_16_BABY_01,E051_16_MOM_02,Dam_genotype,E051_16_MOM_02_911118295017_5A,Dam,2016,e051,ld0324,egg0094,ld0164,,,,,
E051_16_BABY_01,NA,Sire_genotype,NA,Sire,2016,e051,ld0324,egg0094,w0005,"No enclosure Dad, verified these are wild females",1,,,
E051_16_BABY_02,E051_16_MOM_02,Dam_genotype,E051_16_MOM_02_911118295017_5A,Dam,2016,e051,ld0273,egg0096,ld0164,,,,AnzacP,23/12/2016
E051_16_BABY_02,NA,Sire_genotype,NA,Sire,2016,e051,ld0273,egg0096,w0005,"No enclosure Dad, verified these are wild females. Unlikely to be related to a UNSW Dad as Mum is from AnzacP. Wild father",1,"E049_16_BABY_04_911118295017_3B, E049_16_BABY_05_911118295017_3C, E049_16_BABY_06_911118295017_3D",,
E051_16_BABY_03,E051_16_MOM_01,Dam_genotype,E051_16_MOM_01_911118295017_4H,Dam,2016,e051,ld0313,egg0099,ld0165,,,,,
E051_16_BABY_03,NA,Sire_genotype,NA,Sire,2016,e051,ld0313,egg0099,w0006,"No enclosure Dad, verified these are wild females",1,,,
E051_16_BABY_04,E051_16_MOM_03,Dam_genotype,E051_16_MOM_03_911118295017_5B,Dam,2016,e051,ld0280,egg0120,ld0163,,,,,
E051_16_BABY_04,NA,Sire_genotype,NA,Sire,2016,e051,ld0280,egg0120,w0007,"No enclosure Dad, verified these are wild females",1,,,
E051_16_BABY_05,E051_16_MOM_03,Dam_genotype,E051_16_MOM_03_911118295017_5B,Dam,2016,e051,ld0326,egg0121,ld0163,,,,,
E051_16_BABY_05,NA,Sire_genotype,NA,Sire,2016,e051,ld0326,egg0121,w0007,"No enclosure Dad, verified these are wild females",1,,,
E051_16_BABY_06,E051_16_MOM_04,Dam_genotype,E051_16_MOM_04_911118295017_5C,Dam,2016,e051,ld0339,egg0135,ld0166,WEIRD Mother of e50 baby 3,,,,
E051_16_BABY_06,NA,Sire_genotype,NA,Sire,2016,e051,ld0339,egg0135,w0008,"No enclosure Dad, verified these are wild females",1,,,
E052_16_BABY_01,E052_16_MOM_02,Dam_genotype,E052_16_MOM_02_911118295017_6C,Dam,2016,e052,ld0277,egg0101,ld0169,,,,,
E052_16_BABY_01,NA,Sire_genotype,NA,Sire,2016,e052,ld0277,egg0101,w0009,"Unrelated to enclosure Dad and no matches, Mother caught on 26/10/16, eggs laid on 24/11/16, sperm storage?",1,,,
E052_16_BABY_02,E052_16_MOM_02,Dam_genotype,E052_16_MOM_02_911118295017_6C,Dam,2016,e052,ld0275,egg0102,ld0169,,,,,
E052_16_BABY_02,NA,Sire_genotype,NA,Sire,2016,e052,ld0275,egg0102,w0009,"Unrelated to enclosure Dad and no matches, Mother caught on 26/10/16, eggs laid on 24/11/16, sperm storage?",1,,,
E052_16_BABY_03,E052_16_MOM_04,Dam_genotype,E052_16_MOM_04_911118295017_6E,Dam,2016,e052,ld0348,egg0148,ld0215,,,,,
E052_16_BABY_03,NA,Sire_genotype,NA,Sire,2016,e052,ld0348,egg0148,w0010,"Unrelated to enclosure Dad and no matches, Mother caught on 26/10/16, eggs laid on 24/11/16, sperm storage?",1,,,
E052_16_BABY_04,E052_16_MOM_04,Dam_genotype,E052_16_MOM_04_911118295017_6E,Dam,2016,e052,ld0346,egg0150,ld0215,,,,,
E052_16_BABY_04,NA,Sire_genotype,NA,Sire,2016,e052,ld0346,egg0150,w0010,"Unrelated to enclosure Dad and no matches, Mother caught on 26/10/16, eggs laid on 24/11/16, sperm storage?",1,,,
E052_16_BABY_05,NA,Dam_genotype,NA,Dam,2016,e052,ld0366,egg0161,w0011,"WEIRD Unrelated to enclosure members, no matches, assigned to ld0168?",1,,,
E052_16_BABY_05,NA,Sire_genotype,NA,Sire,2016,e052,ld0366,egg0161,w0012,"WEIRD Unrelated to enclosure members, no matches, assigned to ld0168",1,,,
E053_16_BABY_01,E053_16_MOM_01,Dam_genotype,E053_16_MOM_01_911118295017_7D,Dam,2016,e053,ld0356,egg0173,ld0173,,1,,,
E053_16_BABY_01,NA,Sire_genotype,NA,Sire,2016,e053,ld0356,egg0173,w0013,"Unrelated to enclosure Dad, no matches, mother caught on 29/10/16, eggs laid 10/11/16, sperm storage?",1,,,
E053_16_BABY_02,E053_16_MOM_01,Dam_genotype,E053_16_MOM_01_911118295017_7D,Dam,2016,e053,ld0357,egg0174,ld0173,,1,,,
E053_16_BABY_02,NA,Sire_genotype,NA,Sire,2016,e053,ld0357,egg0174,w0013,"Unrelated to enclosure Dad, no matches, mother caught on 29/10/16, eggs laid 10/11/16, sperm storage?",1,,,
E053_16_BABY_03,E053_16_MOM_01,Dam_genotype,E053_16_MOM_01_911118295017_7D,Dam,2016,e053,ld0330,egg0175,ld0173,,1,,,
E053_16_BABY_03,NA,Sire_genotype,NA,Sire,2016,e053,ld0330,egg0175,w0013,"Unrelated to enclosure Dad, no matches, mother caught on 29/10/16, eggs laid 10/11/16, sperm storage?",1,,,
E055_16_BABY_01,E055_16_MOM_02,Dam_genotype,E055_16_MOM_02_911118295017_8D,Dam,2016,e055,ld0233,egg0027,ld0182,,,,,
E055_16_BABY_01,NA,Sire_genotype,NA,Sire,2016,e055,ld0233,egg0027,w0014,"No enclosure Dad, no match, verified wild females with stored sperm",1,,,
E055_16_BABY_02,E055_16_MOM_02,Dam_genotype,E055_16_MOM_02_911118295017_8D,Dam,2016,e055,ld0232,egg0028,ld0182,,,,,
E055_16_BABY_02,NA,Sire_genotype,NA,Sire,2016,e055,ld0232,egg0028,w0014,"No enclosure Dad, no match, verified wild females with stored sperm",1,,,
E055_16_BABY_03,E055_16_MOM_02,Dam_genotype,E055_16_MOM_02_911118295017_8D,Dam,2016,e055,ld0282,egg0029,ld0182,,,,,
E055_16_BABY_03,NA,Sire_genotype,NA,Sire,2016,e055,ld0282,egg0029,w0014,"No enclosure Dad, no match, verified wild females with stored sperm",1,,,
E055_16_BABY_04,E055_16_MOM_01,Dam_genotype,E055_16_MOM_01_911118295017_8C,Dam,2016,e055,ld0243,egg0033,ld0181,,,,,
E055_16_BABY_04,NA,Sire_genotype,NA,Sire,2016,e055,ld0243,egg0033,NA,"No enclosure Dad, no match, verified wild females with stored sperm",1,,,
E056_16_BABY_01,E056_16_MOM_04,Dam_genotype,E056_16_MOM_04_911118295017_9F,Dam,2016,e056,ld0269,egg0090,ld0186,,,,UNSWKen,22/12/2016
E056_16_BABY_01,NA,Sire_genotype,NA,Sire,2016,e056,ld0269,egg0090,w0015,"No enclosure Dad, verified these are wild females. Unlikely to be related to a UNSW Dad as Mum is from AnzacP. Wild father",1,"E049_16_BABY_04_911118295017_3B, E049_16_BABY_05_911118295017_3C, E049_16_BABY_06_911118295017_3D, E051_16_BABY_02_911118295017_5E",,
E056_16_BABY_02,E056_16_MOM_04,Dam_genotype,E056_16_MOM_04_911118295017_9F,Dam,2016,e056,ld0321,egg0091,ld0186,,,,UNSWKen,11/1/2017
E056_16_BABY_02,NA,Sire_genotype,NA,Sire,2016,e056,ld0321,egg0091,w0015,"No enclosure Dad, verified these are wild females. Unlikely to be related to a UNSW Dad as Mum is from AnzacP. Wild father",1,E049_16_BABY_07_911118295017_3E,,
E056_16_BABY_03,E056_16_MOM_04,Dam_genotype,E056_16_MOM_04_911118295017_9F,Dam,2016,e056,ld0279,egg0092,ld0186,,,,UNSWKen,23/12/2016
E056_16_BABY_03,NA,Sire_genotype,NA,Sire,2016,e056,ld0279,egg0092,w0015,"No enclosure Dad, verified these are wild females. Unlikely to be related to a UNSW Dad as Mum is from AnzacP. Wild father",1,"E049_16_BABY_04_911118295017_3B, E049_16_BABY_05_911118295017_3C, E049_16_BABY_06_911118295017_3D, E051_16_BABY_02_911118295017_5E",,
E057_16_BABY_01,E057_16_MOM_02,Dam_genotype,E057_16_MOM_02_911118295017_10C,Dam,2016,e057,ld0290,egg0030,ld0189,,NA,,,
E057_16_BABY_01,NA,Sire_genotype,NA,Sire,2016,e057,ld0290,egg0030,w0016,"No enclosure Dad, no match, verified wild females with stored sperm",1,,,
E057_16_BABY_02,E057_16_MOM_02,Dam_genotype,E057_16_MOM_02_911118295017_10C,Dam,2016,e057,ld0293,egg0031,ld0189,,NA,,,
E057_16_BABY_02,NA,Sire_genotype,NA,Sire,2016,e057,ld0293,egg0031,w0016,"No enclosure Dad, no match, verified wild females with stored sperm",1,,,
E057_16_BABY_03,E057_16_MOM_02,Dam_genotype,E057_16_MOM_02_911118295017_10C,Dam,2016,e057,ld0241,egg0032,ld0189,,NA,,,
E057_16_BABY_03,NA,Sire_genotype,NA,Sire,2016,e057,ld0241,egg0032,w0016,"No enclosure Dad, no match, verified wild females with stored sperm",1,,,
E057_16_BABY_05,E057_16_MOM_01,Dam_genotype,E057_16_MOM_01_911118295017_10B,Dam,2016,e057,ld0267,egg0104,ld0190,"Matched with another Mum, same Dad. HDM data suggest Could be same tissue and labelled incorrectly. Whole enclosure are wild females - sperm storage? Somewhat related to Baby08",1,E057_16_MOM_03_911118295017_10D,,
E057_16_BABY_05,NA,Sire_genotype,NA,Sire,2016,e057,ld0267,egg0104,w0017,"No enclosure Dad, no match, verified wild females with stored sperm",1,,,
E057_16_BABY_06,E057_16_MOM_01,Dam_genotype,E057_16_MOM_01_911118295017_10B,Dam,2016,e057,ld0315,egg0105,ld0190,"Matched with another Mum, same Dad. HDM data suggest Could be same tissue and labelled incorrectly. Whole enclosure are wild females - sperm storage? Somewhat related to Baby08",1,E057_16_MOM_03_911118295017_10D,,
E057_16_BABY_06,NA,Sire_genotype,NA,Sire,2016,e057,ld0315,egg0105,w0017,"No enclosure Dad, no match, verified wild females with stored sperm",1,,,
E057_16_BABY_07,NA,Dam_genotype,NA,Dam,2016,e057,ld0281,egg0112,ld0185,"WEIRD Siblings to Baby7-9, no matches, toeclip records suggest its ld0185 caught on 5/11/16, eggs laid 27/11/16, no tissue to verify but seems OK
TC0435: 1.171
TC0441: 1.103
TC0443:0.979*
",1,,,
E057_16_BABY_07,NA,Sire_genotype,NA,Sire,2016,e057,ld0281,egg0112,w0018,"WEIRD Siblings to Baby7-9, no matches, toeclip records suggest its ld0185 caught on 5/11/16, eggs laid 27/11/16, no tissue to verify but seems OK
TC0435: 1.171
TC0441: 1.103
TC0443:0.979*
",1,,,
E057_16_BABY_08,NA,Dam_genotype,NA,Dam,2016,e057,ld0322,egg0113,ld0185,"WEIRD Siblings to Baby7-9, somewhat related to Baby5-6 and Mom1 - contamination? No strong matches, toeclip records suggest its ld0185 caught on 5/11/16, eggs laid 27/11/16, no tissue to verify but seems OK. Collected from same population AnzacP as Mom1 
TC0435: 1.171
TC0441: 1.103
TC0443:0.979*
",1,,,
E057_16_BABY_08,NA,Sire_genotype,NA,Sire,2016,e057,ld0322,egg0113,w0018,"WEIRD Siblings to Baby7-9, somewhat related to Baby5-6 and Mom1 - contamination? No strong matches, toeclip records suggest its ld0185 caught on 5/11/16, eggs laid 27/11/16, no tissue to verify but seems OK. Collected from same population AnzacP as Mom1 
TC0435: 1.171
TC0441: 1.103
TC0443:0.979*
",1,,,
E057_16_BABY_09,NA,Dam_genotype,NA,Dam,2016,e057,ld0278,egg0114,ld0185,"WEIRD Siblings to Baby7-9, no matches, toeclip records suggest its ld0185 caught on 5/11/16, eggs laid 27/11/16, no tissue to verify but seems OK
TC0435: 1.171
TC0441: 1.103
TC0443:0.979*
",1,,,
E057_16_BABY_09,NA,Sire_genotype,NA,Sire,2016,e057,ld0278,egg0114,w0018,"WEIRD Siblings to Baby7-9, no matches, toeclip records suggest its ld0185 caught on 5/11/16, eggs laid 27/11/16, no tissue to verify but seems OK
TC0435: 1.171
TC0441: 1.103
TC0443:0.979*
",1,,,
E058_16_BABY_01,E010_15_DAD_01,Sire_genotype,E010_15_DAD_01_911118295014_12F,Sire,2016,e058,ld0294,egg0048,ld0020,"WEIRD No enclosure Dad, ld0020 from e014 during that season, Females collected on 10/11/16 ld193 from AnzacP ld194 from UNSW. Eggs laid 18/11/16 - unlikely to have mated in captivity with an escaped male? Matched Dad is from UNSW",1,,,
E058_16_BABY_01,E058_16_MOM_01,Dam_genotype,E058_16_MOM_01_911118295017_11G,Dam,2016,e058,ld0294,egg0048,ld0193,Females collected on 10/11/16 ld193 from AnzacP ld194 from UNSW. Eggs laid 18/11/16 - unlikely to have mated in captivity with an escaped male?,,,,
E058_16_BABY_02,E010_15_DAD_01,Sire_genotype,E010_15_DAD_01_911118295014_12F,Sire,2016,e058,ld0247,egg0050,ld0020,"WEIRD No enclosure Dad, ld0020 from e014 during that season, Females collected on 10/11/16 ld193 from AnzacP ld194 from UNSW. Eggs laid 18/11/16 - unlikely to have mated in captivity with an escaped male? Matched Dad is from UNSW",1,,,
E058_16_BABY_02,E058_16_MOM_01,Dam_genotype,E058_16_MOM_01_911118295017_11G,Dam,2016,e058,ld0247,egg0050,ld0193,Females collected on 10/11/16 ,,,,
E058_16_BABY_03,E010_15_DAD_01,Sire_genotype,E010_15_DAD_01_911118295014_12F,Sire,2016,e058,ld0251,egg0051,ld0020,"WEIRD No enclosure Dad, ld0020 from e014 during that season, Females collected on 10/11/16 ld193 from AnzacP ld194 from UNSW. Eggs laid 18/11/16 - unlikely to have mated in captivity with an escaped male? Matched Dad is from UNSW",1,,,
E058_16_BABY_03,E058_16_MOM_01,Dam_genotype,E058_16_MOM_01_911118295017_11G,Dam,2016,e058,ld0251,egg0051,ld0193,Females collected on 10/11/16 ,,,,
E058_16_BABY_04,E057_16_MOM_04,Dam_genotype,E057_16_MOM_04_911118295017_10E,Dam,2016,e058,ld0266,egg0066,ld0191,"ld191 jumped from e057, caught 10/11/16, egg laid 20/11/2016, sperm from wild population likely",,,,
E058_16_BABY_04,NA,Sire_genotype,NA,Sire,2016,e058,ld0266,egg0066,w0019,No enclosure Dad,1,,,
E058_16_BABY_05,E057_16_MOM_04,Dam_genotype,E057_16_MOM_04_911118295017_10E,Dam,2016,e058,ld0306,egg0067,ld0191,Females collected on 10/11/16 ,,,,
E058_16_BABY_05,NA,Sire_genotype,NA,Sire,2016,e058,ld0306,egg0067,w0019,No enclosure Dad,1,,,
E058_16_BABY_06,E057_16_MOM_04,Dam_genotype,E057_16_MOM_04_911118295017_10E,Dam,2016,e058,ld0314,egg0068,ld0191,Females collected on 10/11/16 ,,,,
E058_16_BABY_06,NA,Sire_genotype,NA,Sire,2016,e058,ld0314,egg0068,w0019,No enclosure Dad,1,,,
E058_16_BABY_07,E057_16_MOM_04,Dam_genotype,E057_16_MOM_04_911118295017_10E,Dam,2016,e058,ld0312,egg0069,ld0191,Females collected on 10/11/16 ,,,,
E058_16_BABY_07,NA,Sire_genotype,NA,Sire,2016,e058,ld0312,egg0069,w0019,No enclosure Dad,1,,,
E058_16_BABY_08,E057_16_MOM_04,Dam_genotype,E057_16_MOM_04_911118295017_10E,Dam,2016,e058,ld0259,egg0070,ld0191,Females collected on 10/11/16 ,,,,
E058_16_BABY_08,NA,Sire_genotype,NA,Sire,2016,e058,ld0259,egg0070,w0019,No enclosure Dad,1,,,
E058_16_BABY_09,E058_16_MOM_02,Dam_genotype,E058_16_MOM_02_911118295017_11H,Dam,2016,e058,ld0271,egg0087,ld0194,"Females collected on 10/11/16 Anzac P, egg laid 23/11/16, sperm from wild population?",,,,
E058_16_BABY_09,NA,Sire_genotype,NA,Sire,2016,e058,ld0271,egg0087,w0020,No enclosure Dad,1,,,
E058_16_BABY_10,E062_16_MOM_01,Dam_genotype,E062_16_MOM_01_911118295018_5B,Dam,2016,e058,ld0318,egg0088,ld0207,"WEIRD No related to enclosure Mum, No enclosure Dad, Tissue matches exactly to this baby: E062_16_BABY_08_911118295018_6E - Duplicate tissue, labelling error?",1,,UNSWKen,10/1/2017
E058_16_BABY_10,NA,Sire_genotype,NA,Sire,2016,e058,ld0318,egg0088,NA,"WEIRD No related to enclosure Mum, No enclosure Dad, Tissue matches exactly to this baby: E062_16_BABY_08_911118295018_6E - Duplicate tissue, labelling error?",1,,,
E058_16_BABY_11,E058_16_MOM_02,Dam_genotype,E058_16_MOM_02_911118295017_11H,Dam,2016,e058,ld0323,egg0089,ld0194,"Females collected on 10/11/16 , Related to Baby 9 somewhat",1,,,
E058_16_BABY_11,NA,Sire_genotype,NA,Sire,2016,e058,ld0323,egg0089,w0020,Related to Baby 9 somewhat,1,,,
E059_16_BABY_01,E059_16_MOM_04,Dam_genotype,E059_16_MOM_04_911118295018_2A,Dam,2016,e059,ld0246,egg0042,ld0198,"Wild female, caught on 10/11/16, laid 16/11/16 sperm from wild population",,,,
E059_16_BABY_01,NA,Sire_genotype,NA,Sire,2016,e059,ld0246,egg0042,w0021,No enclosure Dad,1,,,
E059_16_BABY_02,E059_16_MOM_04,Dam_genotype,E059_16_MOM_04_911118295018_2A,Dam,2016,e059,ld0291,egg0044,ld0198,"Wild female, caught on 10/11/16, laid 16/11/16 sperm from wild population",,,,
E059_16_BABY_02,NA,Sire_genotype,NA,Sire,2016,e059,ld0291,egg0044,w0021,No enclosure Dad,1,,,
E059_16_BABY_03,E061_16_MOM_06,Dam_genotype,E061_16_MOM_06_911118295018_4H,Dam,2016,e059,ld0256,egg0063,ld0204,"Unrelated to enclosure Mum, No enclosure Dad",1,,UNSWKen,19/12/2016
E059_16_BABY_03,NA,Sire_genotype,NA,Sire,2016,e059,ld0256,egg0063,w0026,"Unrelated to enclosure Mum, No enclosure Dad",1,,,
E059_16_BABY_04,E059_16_MOM_03,Dam_genotype,E059_16_MOM_03_911118295018_1H,Dam,2016,e059,ld0253,egg0064,ld0195,"Wild female, caught on 10/11/16, laid 20/11/16 sperm from wild population",1,,,
E059_16_BABY_04,NA,Sire_genotype,NA,Sire,2016,e059,ld0253,egg0064,w0022,No enclosure Dad,1,,,
E059_16_BABY_05,E059_16_MOM_03,Dam_genotype,E059_16_MOM_03_911118295018_1H,Dam,2016,e059,ld0305,egg0065,ld0195,"Wild female, caught on 10/11/16, laid 20/11/16 sperm from wild population",1,,,
E059_16_BABY_05,NA,Sire_genotype,NA,Sire,2016,e059,ld0305,egg0065,w0022,No enclosure Dad,1,,,
E059_16_BABY_06,E059_16_MOM_02,Dam_genotype,E059_16_MOM_02_911118295018_1G,Dam,2016,e059,ld0283,egg0125,ld0197,"Wild female, caught on 10/11/16, laid 29/11/16 sperm from wild population",1,,,
E059_16_BABY_06,NA,Sire_genotype,NA,Sire,2016,e059,ld0283,egg0125,w0023,No enclosure Dad,1,,,
E060_16_BABY_01,E060_16_MOM_04,Dam_genotype,E060_16_MOM_04_911118295018_3D,Dam,2016,e060,ld0325,egg0107,ld0202,"Wild female, caught on 10/11/16, laid 24/11/16 sperm from wild population,  all female enclosure",1,,,
E060_16_BABY_01,NA,Sire_genotype,NA,Sire,2016,e060,ld0325,egg0107,w0024,No enclosure Dad,1,,,
E060_16_BABY_02,E060_16_MOM_04,Dam_genotype,E060_16_MOM_04_911118295018_3D,Dam,2016,e060,ld0272,egg0108,ld0202,"Wild female, caught on 10/11/16, laid 24/11/16 sperm from wild population,  all female enclosure",1,,,
E060_16_BABY_02,NA,Sire_genotype,NA,Sire,2016,e060,ld0272,egg0108,w0024,No enclosure Dad,1,,,
E060_16_BABY_03,E060_16_MOM_04,Dam_genotype,E060_16_MOM_04_911118295018_3D,Dam,2016,e060,ld0270,egg0109,ld0202,"Wild female, caught on 10/11/16, laid 24/11/16 sperm from wild population,  all female enclosure",1,,,
E060_16_BABY_03,NA,Sire_genotype,NA,Sire,2016,e060,ld0270,egg0109,w0024,No enclosure Dad,1,,,
E060_16_BABY_04,E060_16_MOM_01,Dam_genotype,E060_16_MOM_01_911118295018_3A,Dam,2016,e060,ld0336,egg0129,ld0203,"Wild female, caught on 10/11/16, laid 1/12/16 sperm from wild population,  all female enclosure",1,,,
E060_16_BABY_04,NA,Sire_genotype,NA,Sire,2016,e060,ld0336,egg0129,w0025,No enclosure Dad,1,,,
E060_16_BABY_05,E060_16_MOM_01,Dam_genotype,E060_16_MOM_01_911118295018_3A,Dam,2016,e060,ld0285,egg0131,ld0203,"Wild female, caught on 10/11/16, laid 1/12/16 sperm from wild population,  all female enclosure",1,,,
E060_16_BABY_05,NA,Sire_genotype,NA,Sire,2016,e060,ld0285,egg0131,w0025,No enclosure Dad,1,,,
E060_16_BABY_06,E060_16_MOM_01,Dam_genotype,E060_16_MOM_01_911118295018_3A,Dam,2016,e060,ld0337,egg0132,ld0203,"Wild female, caught on 10/11/16, laid 1/12/16 sperm from wild population,  all female enclosure",1,,,
E060_16_BABY_06,NA,Sire_genotype,NA,Sire,2016,e060,ld0337,egg0132,w0025,No enclosure Dad,1,,,
E061_16_BABY_01,E061_16_MOM_06,Dam_genotype,E061_16_MOM_06_911118295018_4H,Dam,2016,e061,ld0304,egg0062,ld0204,"Wild female, caught on 10/11/16, egg laid 20/11/12, sperm from wild population, all female enclosure",1,,UNSWKen,8/1/2017
E061_16_BABY_01,NA,Sire_genotype,NA,Sire,2016,e061,ld0304,egg0062,w0026,No enclosure Dad,1,E059_16_BABY_03_911118295018_2E,,
E062_16_BABY_01,E062_16_MOM_02,Dam_genotype,E062_16_MOM_02_911118295018_5C,Dam,2016,e062,ld0257,egg0072,ld0210,"Wild female caught 16/11/16, egg laid 21/11/16, all female enclosure, sperm from wild population",1,,,
E062_16_BABY_01,NA,Sire_genotype,NA,Sire,2016,e062,ld0257,egg0072,w0027,No enclosure Dad,1,,,
E062_16_BABY_02,E062_16_MOM_02,Dam_genotype,E062_16_MOM_02_911118295018_5C,Dam,2016,e062,ld0307,egg0073,ld0210,"Wild female caught 16/11/16, egg laid 21/11/16, all female enclosure, sperm from wild population",1,,,
E062_16_BABY_02,NA,Sire_genotype,NA,Sire,2016,e062,ld0307,egg0073,w0027,No enclosure Dad,1,,,
E062_16_BABY_03,E062_16_MOM_02,Dam_genotype,E062_16_MOM_02_911118295018_5C,Dam,2016,e062,ld0264,egg0074,ld0210,"Wild female caught 16/11/16, egg laid 21/11/16, all female enclosure, sperm from wild population",1,,,
E062_16_BABY_03,NA,Sire_genotype,NA,Sire,2016,e062,ld0264,egg0074,w0027,No enclosure Dad,1,,,
E062_16_BABY_04,E062_16_MOM_02,Dam_genotype,E062_16_MOM_02_911118295018_5C,Dam,2016,e062,ld0308,egg0075,ld0210,"2016 baby, all female enclosure, collected 16/11/16, egg laid 21/11/16",NA,,,
E062_16_BABY_04,NA,Sire_genotype,NA,Sire,2016,e062,ld0308,egg0075,w0027,Wild father 2016 baby No enclosure Dad,NA,,,
E062_16_BABY_05,E062_16_MOM_03,Dam_genotype,E062_16_MOM_03_911118295018_5D,Dam,2016,e062,ld0331,egg0118,ld0209,"Wild female caught 16/11/16, egg laid 27/11/16, all female enclosure, sperm from wild population",1,,,
E062_16_BABY_05,NA,Sire_genotype,NA,Sire,2016,e062,ld0331,egg0118,w0028,No enclosure Dad,1,,,
E062_16_BABY_06,E062_16_MOM_03,Dam_genotype,E062_16_MOM_03_911118295018_5D,Dam,2016,e062,ld0338,egg0119,ld0209,"Wild female caught 16/11/16, egg laid 27/11/16, all female enclosure, sperm from wild population",1,,,
E062_16_BABY_06,NA,Sire_genotype,NA,Sire,2016,e062,ld0338,egg0119,w0028,No enclosure Dad,1,,,
E062_16_BABY_07,E062_16_MOM_01,Dam_genotype,E062_16_MOM_01_911118295018_5B,Dam,2016,e062,ld0332,egg0126,ld0207,"Wild female caught 16/11/16, egg laid 30/11/16, all female enclosure, sperm from wild population",1,,UNSWKen,10/1/2017
E062_16_BABY_07,NA,Sire_genotype,NA,Sire,2016,e062,ld0332,egg0126,w0029,No enclosure Dad,1,E058_16_BABY_10_911118295018_1D,,
E062_16_BABY_08,E062_16_MOM_01,Dam_genotype,E062_16_MOM_01_911118295018_5B,Dam,2016,e062,ld0284,egg0128,ld0207,"Wild female caught 16/11/16, egg laid 30/11/16, all female enclosure, sperm from wild population",1,,UNSWKen,28/12/2016
E062_16_BABY_08,NA,Sire_genotype,NA,Sire,2016,e062,ld0284,egg0128,w0029,"No enclosure Dad, related to another baby from another time and enclosure (weird)",1,E058_16_BABY_10_911118295018_1D - almost complete match,,
E062_16_BABY_09,E062_16_MOM_04,Dam_genotype,E062_16_MOM_04_911118295018_5E,Dam,2016,e062,ld0288,egg0140,ld0208,"Wild female caught 16/11/16, egg laid 5/12/16, all female enclosure, sperm from wild population",1,,,
E062_16_BABY_09,NA,Sire_genotype,NA,Sire,2016,e062,ld0288,egg0140,w0030,No enclosure Dad,1,,,
E062_16_BABY_10,E062_16_MOM_04,Dam_genotype,E062_16_MOM_04_911118295018_5E,Dam,2016,e062,ld0341,egg0142,ld0208,"Wild female caught 16/11/16, egg laid 5/12/16, all female enclosure, sperm from wild population",1,,,
E062_16_BABY_10,NA,Sire_genotype,NA,Sire,2016,e062,ld0341,egg0142,w0030,No enclosure Dad,1,,,
E062_16_BABY_11,E062_16_MOM_04,Dam_genotype,E062_16_MOM_04_911118295018_5E,Dam,2016,e062,ld0343,egg0143,ld0208,"Wild female caught 16/11/16, egg laid 5/12/16, all female enclosure, sperm from wild population",1,,,
E062_16_BABY_11,NA,Sire_genotype,NA,Sire,2016,e062,ld0343,egg0143,w0030,No enclosure Dad,1,,,
E0M1A_17_BABY_01,E0M1A_17_MOM_02,Dam_genotype,E0M1A_17_MOM_02_911118295020_2E,Dam,2017,e0m1a,ld0551,egg0389,ld0069,,NA,,,
E0M1A_17_BABY_01,E0M1A_17_DAD_01,Sire_genotype,E0M1A_17_DAD_01_911118295020_2F,Sire,2017,e0m1a,ld0551,egg0389,ld0102,,NA,,,
E0M1A_17_BABY_02,E0M1A_17_MOM_02,Dam_genotype,E0M1A_17_MOM_02_911118295020_2E,Dam,2017,e0m1a,ld0552,egg0391,ld0069,,NA,,,
E0M1A_17_BABY_02,E0M1A_17_DAD_01,Sire_genotype,E0M1A_17_DAD_01_911118295020_2F,Sire,2017,e0m1a,ld0552,egg0391,ld0102,,NA,,,
E0M1A_17_BABY_03,E0M1A_17_MOM_02,Dam_genotype,E0M1A_17_MOM_02_911118295020_2E,Dam,2017,e0m1a,ld0555,egg0389,ld0069,,NA,,,
E0M1A_17_BABY_03,E0M1A_17_DAD_01,Sire_genotype,E0M1A_17_DAD_01_911118295020_2F,Sire,2017,e0m1a,ld0555,egg0389,ld0102,,NA,,,
E0M1B_17_BABY_01,E0M1B_17_MOM_02,Dam_genotype,E0M1B_17_MOM_02_911118295020_3C,Dam,2017,e0m1b,ld0471,egg0265,ld0039,,NA,,,
E0M1B_17_BABY_01,E0M1B_17_DAD_01,Sire_genotype,E0M1B_17_DAD_01_911118295020_3D,Sire,2017,e0m1b,ld0471,egg0265,ld0150,,NA,,,
E0M1B_17_BABY_02,E0M1B_17_MOM_02,Dam_genotype,E0M1B_17_MOM_02_911118295020_3C,Dam,2017,e0m1b,ld0472,egg0264,ld0039,,NA,,,
E0M1B_17_BABY_02,E0M1B_17_DAD_01,Sire_genotype,E0M1B_17_DAD_01_911118295020_3D,Sire,2017,e0m1b,ld0472,egg0264,ld0150,,NA,,,
E0M1B_17_BABY_03,E0M1B_17_MOM_02,Dam_genotype,E0M1B_17_MOM_02_911118295020_3C,Dam,2017,e0m1b,ld0499,egg0266,ld0039,,NA,,,
E0M1B_17_BABY_03,E0M1B_17_DAD_01,Sire_genotype,E0M1B_17_DAD_01_911118295020_3D,Sire,2017,e0m1b,ld0499,egg0266,ld0150,,NA,,,
E0M1B_17_BABY_04,E0M1B_17_MOM_02,Dam_genotype,E0M1B_17_MOM_02_911118295020_3C,Dam,2017,e0m1b,ld0507,egg0267,ld0039,,NA,,,
E0M1B_17_BABY_04,E0M1B_17_DAD_01,Sire_genotype,E0M1B_17_DAD_01_911118295020_3D,Sire,2017,e0m1b,ld0507,egg0267,ld0150,,NA,,,
E0M2A_17_BABY_01,E0M2A_17_DAD_01,Sire_genotype,E0M2A_17_DAD_01_911118295020_4C,Sire,2017,e0m2a,ld0470,egg0282,ld0115,,NA,,,
E0M2A_17_BABY_01,E0M2A_17_MOM_02,Dam_genotype,E0M2A_17_MOM_02_911118295020_4B,Dam,2017,e0m2a,ld0470,egg0282,ld0126,,NA,,,
E0M2A_17_BABY_02,E0M2A_17_DAD_01,Sire_genotype,E0M2A_17_DAD_01_911118295020_4C,Sire,2017,e0m2a,ld0474,egg0284,ld0115,,NA,,,
E0M2A_17_BABY_02,E0M2A_17_MOM_02,Dam_genotype,E0M2A_17_MOM_02_911118295020_4B,Dam,2017,e0m2a,ld0474,egg0284,ld0126,,NA,,,
E0M2A_17_BABY_03,E0M2A_17_DAD_01,Sire_genotype,E0M2A_17_DAD_01_911118295020_4C,Sire,2017,e0m2a,ld0497,egg0283,ld0115,,NA,,,
E0M2A_17_BABY_03,E0M2A_17_MOM_02,Dam_genotype,E0M2A_17_MOM_02_911118295020_4B,Dam,2017,e0m2a,ld0497,egg0283,ld0126,,NA,,,
E0M2A_17_BABY_04,E0M2A_17_DAD_01,Sire_genotype,E0M2A_17_DAD_01_911118295020_4C,Sire,2017,e0m2a,ld0537,egg0343,ld0115,,NA,,,
E0M2A_17_BABY_04,E0M2A_17_MOM_02,Dam_genotype,E0M2A_17_MOM_02_911118295020_4B,Dam,2017,e0m2a,ld0537,egg0343,ld0126,,NA,,,
E0M2A_17_BABY_05,E045_17_MOM_01,Dam_genotype,E045_17_MOM_01_911118295019_11H,Dam,2017,e0m2a,ld0538,egg0341,ld0106,WEIRD Not in original plating sheet? Plating error? ,1,,,
E0M2A_17_BABY_05,E045_17_DAD_01,Sire_genotype,E045_17_DAD_01_911118295019_12B,Sire,2017,e0m2a,ld0538,egg0341,ld0175,WEIRD Not in original plating sheet? Plating error? ,1,,,
E0M2B_16_BABY_01,E0M2B_16_MOM_01,Dam_genotype,E0M2B_16_MOM_01_911118295018_9C,Dam,2016,e0m2b,ld0376,egg0198,ld0015,,NA,"E003_15_MOM_02_911118295014_10F = ld0015 - Label error?
E0M1A_17_MOM_02_911118295020_2E ",,
E0M2B_16_BABY_01,E0M2B_16_DAD_01,Sire_genotype,E0M2B_16_DAD_01_911118295018_9E,Sire,2016,e0m2b,ld0376,egg0198,ld0069,WEIRD Multiple paternity?,1,"E024_15_DAD_01_911118295015_5H = ld0069, E024_16_DAD_01_911118295016_5D = ld0069",,
E0M2B_16_BABY_02,E0M2B_16_MOM_01,Dam_genotype,E0M2B_16_MOM_01_911118295018_9C,Dam,2016,e0m2b,ld0380,egg0200,ld0015,,NA,E003_15_MOM_02_911118295014_10F = ld0015 - Label error?,,
E0M2B_16_BABY_02,E032_15_DAD_01,Sire_genotype,E032_15_DAD_01_911118295015_8H,Sire,2016,e0m2b,ld0380,egg0200,ld0095,WEIRD Multiple paternity? Unrelated to enclosure Dad. Ld0095 was in e045,1,,,
E0M4_16_BABY_01,E031_16_DAD_01,Sire_genotype,E031_16_DAD_01_911118295016_8D,Sire,2016,e0m4,ld0381,egg0201,ld0006,"Unrelated to enclosure members, probably due to mites, both parents were in same e0031 before, other tissues match this ",1,"
E002_15_DAD_01_911118295014_1H
E006_17_DAD_01_911118295018_12B",,
E0M4_16_BABY_01,E046_15_MOM_02,Dam_genotype,E046_15_MOM_02_911118295014_8D,Dam,2016,e0m4,ld0381,egg0201,ld0139,"Unrelated to enclosure members, probably due to mites, both parents were in same e0031 before, other tissues match this ",1,"E031_16_MOM_01_911118295016_8B
",,
E0M4_16_BABY_02,E031_16_DAD_01,Sire_genotype,E031_16_DAD_01_911118295016_8D,Sire,2016,e0m4,ld0377,egg0202,ld0006,"Unrelated to enclosure members, probably due to mites, both parents were in same e0031 before, other tissues match this ",1,"
E002_15_DAD_01_911118295014_1H
E006_17_DAD_01_911118295018_12B",,
E0M4_16_BABY_02,E046_15_MOM_02,Dam_genotype,E046_15_MOM_02_911118295014_8D,Dam,2016,e0m4,ld0377,egg0202,ld0139,"Unrelated to enclosure members, probably due to mites, both parents were in same e0031 before, other tissues match this ",1,"E031_16_MOM_01_911118295016_8B
",,
E0M6_17_BABY_01,E026_15_DAD_01,Sire_genotype,E026_15_DAD_01_911118295015_6F,Sire,2017,e0m6,ld0446,egg0218,ld0075,"Didn't plate enclosure Dad tissue as a group. But found match, and verified with enclosure records",1,,,
E0M6_17_BABY_01,E0M6_17_MOM_01,Dam_genotype,E0M6_17_MOM_01_911118295020_5A,Dam,2017,e0m6,ld0446,egg0218,ld2015,,NA,,,
E0M6_17_BABY_02,E0M6_17_MOM_02,Dam_genotype,E0M6_17_MOM_02_911118295020_5B,Dam,2017,e0m6,ld0448,egg0220,ld0057,,NA,,,
E0M6_17_BABY_02,E026_15_DAD_01,Sire_genotype,E026_15_DAD_01_911118295015_6F,Sire,2017,e0m6,ld0448,egg0220,ld0075,"Didn't plate enclosure Dad tissue as a group. But found match, and verified with enclosure records",1,,,
E0M6_17_BABY_03,E027_16_DAD_01,Sire_genotype,E027_16_DAD_01_911118295016_7C,Sire,2017,e0m6,ld0462,egg0215,ld0104,"Didn't plate enclosure Dad tissue as a group. But found match, and verified with enclosure records",1,,,
E0M6_17_BABY_03,E0M6_17_MOM_01,Dam_genotype,E0M6_17_MOM_01_911118295020_5A,Dam,2017,e0m6,ld0462,egg0215,ld2015,,NA,,,
E0M6_17_BABY_04,E026_15_DAD_01,Sire_genotype,E026_15_DAD_01_911118295015_6F,Sire,2017,e0m6,ld0465,egg0219,ld0075,"Didn't plate enclosure Dad tissue as a group. But found match, and verified with enclosure records",1,,,
E0M6_17_BABY_04,E0M6_17_MOM_01,Dam_genotype,E0M6_17_MOM_01_911118295020_5A,Dam,2017,e0m6,ld0465,egg0219,ld2015,,NA,,,
E0M6_17_BABY_05,E026_15_DAD_01,Sire_genotype,E026_15_DAD_01_911118295015_6F,Sire,2017,e0m6,ld0467,egg0269,ld0075,"Didn't plate enclosure Dad tissue as a group. But found match, and verified with enclosure records",1,,,
E0M6_17_BABY_05,E0M6_17_MOM_01,Dam_genotype,E0M6_17_MOM_01_911118295020_5A,Dam,2017,e0m6,ld0467,egg0269,ld2015,,NA,,,
E0M6_17_BABY_07,E026_15_DAD_01,Sire_genotype,E026_15_DAD_01_911118295015_6F,Sire,2017,e0m6,ld0492,egg0270,ld0075,"Didn't plate enclosure Dad tissue as a group. But found match, and verified with enclosure records",1,,,
E0M6_17_BABY_07,E0M6_17_MOM_01,Dam_genotype,E0M6_17_MOM_01_911118295020_5A,Dam,2017,e0m6,ld0492,egg0270,ld2015,,NA,,,
E0M6_17_BABY_08,E026_15_DAD_01,Sire_genotype,E026_15_DAD_01_911118295015_6F,Sire,2017,e0m6,ld0496,egg0271,ld0075,"Didn't plate enclosure Dad tissue as a group. But found match, and verified with enclosure records",1,,,
E0M6_17_BABY_08,E0M6_17_MOM_01,Dam_genotype,E0M6_17_MOM_01_911118295020_5A,Dam,2017,e0m6,ld0496,egg0271,ld2015,,NA,,,
E0M8_17_BABY_01,E0M8_17_DAD_01,Sire_genotype,E0M8_17_DAD_01_911118295020_6D,Sire,2017,e0m8,ld0450,egg0237,ld0018,,NA,,,
E0M8_17_BABY_01,E0M8_17_MOM_01,Dam_genotype,E0M8_17_MOM_01_911118295020_6B,Dam,2017,e0m8,ld0450,egg0237,ld0025,,NA,,,
E0M8_17_BABY_02,E0M8_17_DAD_01,Sire_genotype,E0M8_17_DAD_01_911118295020_6D,Sire,2017,e0m8,ld0454,egg0236,ld0018,,NA,,,
E0M8_17_BABY_02,E0M8_17_MOM_01,Dam_genotype,E0M8_17_MOM_01_911118295020_6B,Dam,2017,e0m8,ld0454,egg0236,ld0025,,NA,,,
E0M8_17_BABY_03,E0M8_17_DAD_01,Sire_genotype,E0M8_17_DAD_01_911118295020_6D,Sire,2017,e0m8,ld0477,egg0238,ld0018,,NA,,,
E0M8_17_BABY_03,E0M8_17_MOM_01,Dam_genotype,E0M8_17_MOM_01_911118295020_6B,Dam,2017,e0m8,ld0477,egg0238,ld0025,,NA,,,
E0M8_17_BABY_05,E0M8_17_DAD_01,Sire_genotype,E0M8_17_DAD_01_911118295020_6D,Sire,2017,e0m8,ld0480,egg0239,ld0018,,NA,,,
E0M8_17_BABY_05,E0M8_17_MOM_01,Dam_genotype,E0M8_17_MOM_01_911118295020_6B,Dam,2017,e0m8,ld0480,egg0239,ld0025,,NA,,,
E0M8_17_BABY_06,E0M8_17_DAD_01,Sire_genotype,E0M8_17_DAD_01_911118295020_6D,Sire,2017,e0m8,ld0489,egg0312,ld0018,,NA,,,
E0M8_17_BABY_06,E0M8_17_MOM_02,Dam_genotype,E0M8_17_MOM_02_911118295020_6C,Dam,2017,e0m8,ld0489,egg0312,ld0147,,NA,,,
E0M8_17_BABY_07,E0M8_17_DAD_01,Sire_genotype,E0M8_17_DAD_01_911118295020_6D,Sire,2017,e0m8,ld0522,egg0314,ld0018,,NA,,,
E0M8_17_BABY_07,E0M8_17_MOM_02,Dam_genotype,E0M8_17_MOM_02_911118295020_6C,Dam,2017,e0m8,ld0522,egg0314,ld0147,,NA,,,
E0M8_17_BABY_08,E0M8_17_DAD_01,Sire_genotype,E0M8_17_DAD_01_911118295020_6D,Sire,2017,e0m8,ld0523,egg0313,ld0018,,NA,,,
E0M8_17_BABY_08,E0M8_17_MOM_02,Dam_genotype,E0M8_17_MOM_02_911118295020_6C,Dam,2017,e0m8,ld0523,egg0313,ld0147,,NA,,,
E45_16_BABY_01,E45_16_DAD_01,Sire_genotype,E45_16_DAD_01_911118295017_1F,Sire,2016,e045,ld0230,egg0009,ld0107,,NA,,,
E45_16_BABY_01,E45_16_MOM_01,Dam_genotype,E45_16_MOM_01_911118295017_1E,Dam,2016,e045,ld0230,egg0009,ld0125,,NA,,,
E45_16_BABY_02,E45_16_DAD_01,Sire_genotype,E45_16_DAD_01_911118295017_1F,Sire,2016,e045,ld0231,egg0010,ld0107,,NA,,,
E45_16_BABY_02,E45_16_MOM_01,Dam_genotype,E45_16_MOM_01_911118295017_1E,Dam,2016,e045,ld0231,egg0010,ld0125,,NA,,,
E45_16_BABY_03,E45_16_DAD_01,Sire_genotype,E45_16_DAD_01_911118295017_1F,Sire,2016,e045,ld0217,egg0011,ld0107,,NA,,,
E45_16_BABY_03,E45_16_MOM_01,Dam_genotype,E45_16_MOM_01_911118295017_1E,Dam,2016,e045,ld0217,egg0011,ld0125,,NA,,,
E45_16_BABY_04,E45_16_DAD_01,Sire_genotype,E45_16_DAD_01_911118295017_1F,Sire,2016,e045,ld0223,egg0012,ld0107,,NA,,,
E45_16_BABY_04,E45_16_MOM_01,Dam_genotype,E45_16_MOM_01_911118295017_1E,Dam,2016,e045,ld0223,egg0012,ld0125,,NA,,,